Workbook

Sheet DATA - IKKE RØR
A1: Description | B1: MGRS | F1: latlon | H1: moh | I1: km from firing pos.
B2: zone | C2: longitude | D2: east | E2: north | F2: east | G2: north | L2: Weather format | M2: Angle of fire
A3: CM pos. Setermoen | B3: 34W | C3: CB | D3: 95097 | E3: 34281 | F3: 68,8 | G3: 18,4 | H3: 625,9 | I3: 4,25 | L3: METCM | M3: High
A4: CM pos. Andøya | B4: 33W | C4: WS | D4: 27868 | E4: 65671 | F4: 69.1 | G4: 15.7 | H4: 23.9 | I4: 4.49 | L4: METCM (from METGM) | M4: Low
A5: CM pos. Harstad | B5: 33W | C5: WS | D5: 63526 | E5: 36578 | F5: 68.8332 | G5: 16.5766 | H5: 75.6 | I5: 29.96 | L5: METCM (from METGC)
A6: N/A | H6: 0 | I6: 0 | L6: METGC
A7: Firing pos. Setermoen | B7: 34W | C7: CB | D7: 91770 | E7: 36941 | F7: 68.822556 | G7: 18.314766 | H7: 314,3 | I7: 0 | L7: METGM
A8: Firing pos. Andøya | B8: 33W | C8: WS | D8: 27048 | E8: 70095 | F8: 69.1397568 | G8: 15.6806463 | H8: 2.3 | I8: 0 | L8: ICAO
A9: Firing pos. Harstad | B9: 33W | C9: WS | D9: 83941 | E9: 14233 | F9: 68.6274734 | G9: 17.0642882 | H9: 657.5 | I9: 0
A10: N/A | H10: 0 | I10: 0
A11: AA0001 | B11: 34W | C11: CB | D11: 98876 | E11: 29642 | F11: 68.759847 | G11: 18.498222 | H11: 378.3 | I11: 10,15
A12: AA0002 | B12: 34W | C12: DB | D12: 05772 | E12: 22520 | F12: 68.698456 | G12: 18.675317 | H12: 268,2 | I12: 20,03
A13: AA0003 | B13: 34W | C13: DB | D13: 13768 | E13: 14375 | F13: 68.628049 | G13: 18.87933 | H13: 643,1 | I13: 31,4
A14: AA0004 | B14: 34W | C14: DB | D14: 19721 | E14: 08136 | F14: 68.573902 | G14: 19.030525 | H14: 862,6 | I14: 40
A15: BB0001 | B15: 33W | C15: WS | D15: 28847 | E15: 60247 | F15: 69.0512567 | G15: 15.7229823 | H15: 256.6 | I15: 9.98
A16: BB0002 | B16: 33W | C16: WS | D16: 30732 | E16: 49925 | F16: 68.9584923 | G16: 15.7670021 | H16: 2 | I16: 20.34
A17: BB0003 | B17: 33W | C17: WS | D17: 32453 | E17: 40501 | F17: 68.8737840 | G17: 15.8068463 | H17: 283.8 | I17: 30 | L17: Target type | M17: Target subtype
A18: CC0001 | B18: 33W | C18: WR | D18: 97859 | E18: 93457 | F18: 68.4367712 | G18: 17.3864176 | H18: 29.2 | I18: 24.93 | J18: Flystripe | L18: Terrain Features | M18: Landing strip
A19: CC0002 | B19: 33W | C19: XR | D19: 00090 | E19: 94111 | F19: 68.4418522 | G19: 17.4413815 | H19: 44.3 | I19: 25.72 | J19: Togbane | L19: Terrain Features | M19: Railroad
A20: CC0003 | B20: 33W | C20: WR | D20: 99459 | E20: 92573 | F20: 68.4282947 | G20: 17.4245494 | H20: 3.4 | I20: 26.56 | J20: Havn | L20: Vehicles | M20: Boats
A41: Gamle mål (backup ved behov)
A42: BB0001 | B42: 34W | C42: CB | D42: 84795 | E42: 29726 | F42: 68.7551 | G42: 18.150281 | H42: 253,8 | I42: 10
A43: BB0002 | B43: 33W | C43: XS | D43: 20957 | E43: 22482 | F43: 68.687773 | G43: 17.983119 | H43: 201,5 | I43: 20,1
A44: BB0003 | B44: 33W | C44: XS | D44: 14334 | E44: 15031 | F44: 68.623835 | G44: 17.81164 | H44: 1079,9 | I44: 30
A45: BB0004 | B45: 33W | C45: XS | D45: 08373 | E45: 06954 | F45: 68.553846 | G45: 17.656676 | H45: 184,3 | I45: 40
A46: CC0001 | B46: 34W | C46: CB | D46: 84341 | E46: 43689 | F46: 68.879986 | G46: 18.122895 | H46: 339,4 | I46: 10
A47: CC0002 | B47: 33W | C47: XS | D47: 17500 | E47: 50176 | F47: 68.937309 | G47: 17.930542 | H47: 794,3 | I47: 20
A48: CC0003 | B48: 33W | C48: XS | D48: 09468 | E48: 56196 | F48: 68.994551 | G48: 17.737209 | H48: 364,8 | I48: 30
A49: CC0004 | B49: 33W | C49: XS | D49: 00844 | E49: 62610 | F49: 69.055331 | G49: 17.528447 | H49: 68,7 | I49: 40,7

Sheet ICAO "no weather"
A1: Test ID | B1: Firing pos. | C1: Weather pos. | D1: Angle of fire | E1: Weather format | F1: Target name | G1: Timestamps | I1: Measured alt. | J1: missdistance
G2: Weather DTG | H2: Fire DTG | J2: range | K2: cross
A3: 1 | B3: N/A | C3: N/A | D3: High | E3: ICAO | F3: AA0001 | G3: 310000Z JUL 03 | H3: 090636Z APR 26 | I3: 31000 | J3: 52.635021 | K3: 20.784626
A4: 2 | F4: AA0001 | H4: 090706Z APR 26 | J4: 52.635021 | K4: 20.784626
A5: 3 | F5: AA0001 | H5: 090906Z APR 26 | J5: 52.635021 | K5: 20.784626
A6: 4 | D6: Low | F6: AA0001 | H6: 090636Z APR 26 | J6: 52.635021 | K6: 20.784626
A7: 5 | F7: AA0001 | H7: 090706Z APR 26 | J7: 52.635021 | K7: 20.784626
A8: 6 | F8: AA0001 | H8: 090906Z APR 26 | J8: 52.635021 | K8: 20.784626
A9: 7 | F9: AA0002 | H9: 090636Z APR 26 | J9: 133.44621 | K9: 27.576827
A10: 8 | F10: AA0002 | H10: 090706Z APR 26 | J10: 133.44621 | K10: 27.576827
A11: 9 | F11: AA0002 | H11: 090906Z APR 26 | J11: 133.44621 | K11: 27.576827
A12: 10 | F12: AA0003 | H12: 090636Z APR 26 | J12: 246,855840 | K12: 37.100398
A13: 11 | F13: AA0003 | H13: 090706Z APR 26 | J13: 246,855840 | K13: 37.100398
A14: 12 | F14: AA0003 | H14: 090906Z APR 26 | J14: 246,855840 | K14: 37.100398

Sheet METCM (Meteomatics)
A1: Test ID | B1: Firing pos. | C1: Weather pos. | D1: Angle of fire | E1: Weather format | F1: Target name | G1: Timestamps | I1: Measured alt. | J1: missdistance
G2: Weather DTG | H2: Fire DTG | J2: range | K2: cross
A3: 13 | B3: Firing pos. Setermoen | C3: CM pos. Setermoen | D3: Low | E3: METCM | F3: AA0001 | G3: 100718Z APR 26 | H3: 100748Z APR 26 | I3: 2000 | J3: 62.280629 | K3: 21.722373
A4: 14 | F4: AA0001 | H4: 100818Z APR 26 | J4: 62.525543 | K4: 21.735085
A5: 15 | F5: AA0001 | H5: 101018Z APR 26 | J5: 63.492964 | K5: 21.785081
A6: 16 | F6: AA0002 | H6: 100748Z APR 26 | J6: 59.381088 | K6: 27.508768
A7: 17 | F7: AA0002 | H7: 100818Z APR 26 | J7: 64.794678 | K7: 27.678511
A8: 18 | F8: AA0002 | H8: 101018Z APR 26 | J8: 82.84702 | K8: 28.209494
A9: 19 | F9: AA0003 | H9: 100748Z APR 26 | J9: 91.145002 | K9: 36.49177
A10: 20 | F10: AA0003 | H10: 100818Z APR 26 | J10: 103.37136 | K10: 36.554296
A11: 21 | F11: AA0003 | H11: 101018Z APR 26 | J11: 142.09692 | K11: 36.75167
A12: 22 | B12: Firing pos. Setermoen | C12: CM pos. Setermoen | D12: Low | E12: METCM | F12: AA0001 | G12: 130924Z APR 26 | H12: 130954Z APR 26 | I12: 3000 | J12: 84.827497 | K12: 23.875684
A13: 23 | F13: AA0001 | H13: 131024Z APR 26 | J13: 85.013829 | K13: 23.889362
A14: 24 | F14: AA0001 | H14: 131224Z APR 26 | J14: 85.754196 | K14: 23.943683
A15: 25 | F15: AA0002 | H15: 130954Z APR 26 | J15: 318.82925 | K15: 45.484355
A16: 26 | F16: AA0002 | H16: 131024Z APR 26 | J16: 319.86606 | K16: 45.550567
A17: 27 | F17: AA0002 | H17: 131224Z APR 26 | J17: 323.9795 | K17: 45.813005
A18: 28 | F18: AA0003 | H18: 130954Z APR 26 | J18: 597.76407 | K18: 51.788044
A19: 29 | F19: AA0003 | H19: 131024Z APR 26 | J19: 599.75275 | K19: 51.847251
A20: 30 | F20: AA0003 | H20: 131224Z APR 26 | J20: 607.64216 | K20: 52.082101
A21: 31 | B21: Firing pos. Setermoen | C21: CM pos. Setermoen | D21: Low | E21: METCM | F21: AA0001 | G21: 140612Z APR 26 | H21: 140642Z APR 26 | I21: 3000 | J21: 58.525761 | K21: 21.500603
A22: 32 | F22: AA0001 | H22: 140712Z APR 26 | J22: 58.789791 | K22: 21.514359
A23: 33 | F23: AA0001 | H23: 140912Z APR 26 | J23: 59.829966 | K23: 21.568153
A24: 34 | F24: AA0002 | H24: 140642Z APR 26 | J24: 184.13257 | K24: 32.408742
A25: 35 | F25: AA0002 | H25: 140712Z APR 26 | J25: 52.190183 | K25: 27.329618
A26: 36 | F26: AA0002 | H26: 140912Z APR 26 | J26: 73.8312 | K26: 28.229607
A27: 37 | F27: AA0003 | H27: 140642Z APR 26 | J27: 342.76612 | K27: 40.881839
A28: 38 | F28: AA0003 | H28: 140712Z APR 26 | J28: 73.999869 | K28: 36.575939
A29: 39 | F29: AA0003 | H29: 140912Z APR 26 | J29: 122.71652 | K29: 37.319748
A30: 40 | B30: Firing pos. Setermoen | C30: CM pos. Setermoen | D30: Low | E30: METCM | F30: AA0001 | G30: 150606Z APR 26 | H30: 150636Z APR 26 | I30: 3000 | J30: 61.977489 | K30: 22.09284
A31: 41 | F31: AA0001 | H31: 150706Z APR 26 | J31: 62.253609 | K31: 22.113371
A32: 42 | F32: AA0001 | H32: 150906Z APR 26 | J32: 63.3406 | K32: 22.19382
A33: 43 | F33: AA0002 | H33: 150636Z APR 26 | J33: 177.55191 | K33: 34.03981
A34: 44 | F34: AA0002 | H34: 150706Z APR 26 | J34: 179.41165 | K34: 34.136237
A35: 45 | F35: AA0002 | H35: 150906Z APR 26 | J35: 186.66154 | K35: 34.512331
A36: 46 | F36: AA0003 | H36: 150636Z APR 26 | J36: 328.29156 | K36: 42.631488
A37: 47 | F37: AA0003 | H37: 150706Z APR 26 | J37: 331.9031 | K37: 42.720989
A38: 48 | F38: AA0003 | H38: 150906Z APR 26 | J38: 345.97092 | K38: 43.07069
A39: 49 | B39: Firing pos. Setermoen | C39: CM pos. Setermoen | D39: Low | E39: METCM | F39: AA0001 | G39: 160606Z APR 26 | H39: 160636Z APR 26 | I39: 3000 | J39: 57.212381 | K39: 20.834326
A40: 50 | F40: AA0001 | H40: 160706Z APR 26 | J40: 57.435789 | K40: 20.836271
A41: 51 | F41: AA0001 | H41: 160906Z APR 26 | J41: 58.320352 | K41: 20.843908
A42: 52 | F42: AA0002 | H42: 160636Z APR 26 | J42: 175.33507 | K42: 30.093394
A43: 53 | F43: AA0002 | H43: 160706Z APR 26 | J43: 177.18431 | K43: 30.138249
A44: 54 | F44: AA0002 | H44: 160906Z APR 26 | J44: 184.39431 | K44: 30.313772
A45: 55 | F45: AA0003 | H45: 160636Z APR 26 | J45: 327.77867 | K45: 40.546801
A46: 56 | F46: AA0003 | H46: 160706Z APR 26 | J46: 331.38802 | K46: 40.608241
A47: 57 | F47: AA0003 | H47: 160906Z APR 26 | J47: 345.44756 | K47: 40.848644
A48: 58 | B48: Firing pos. Setermoen | C48: CM pos. Setermoen | D48: Low | E48: METCM | F48: AA0001 | G48: 170600Z APR 26 | H48: 170630Z APR 26 | I48: 3000 | J48: 61.472128 | K48: 21.968037
A49: 59 | F49: AA0001 | H49: 170700Z APR 26 | J49: 61.743715 | K49: 21.986857
A50: 60 | F50: AA0001 | H50: 170900Z APR 26 | J50: 62.813288 | K50: 22.060612
A51: 61 | F51: AA0002 | H51: 170630Z APR 26 | J51: 175.84168 | K51: 31.676301
A52: 62 | F52: AA0002 | H52: 170700Z APR 26 | J52: 177.69902 | K52: 31.742795
A53: 63 | F53: AA0002 | H53: 170900Z APR 26 | J53: 184.93939 | K53: 32.002584
A54: 64 | F54: AA0003 | H54: 170630Z APR 26 | J54: 326.36144 | K54: 37.487619
A55: 65 | F55: AA0003 | H55: 170700Z APR 26 | J55: 329.97581 | K55: 37.505487
A56: 66 | F56: AA0003 | H56: 170900Z APR 26 | J56: 344.05355 | K56: 37.575575
A57: 67 | B57: Firing pos. Setermoen | C57: CM pos. Setermoen | D57: Low | E57: METCM | F57: AA0001 | G57: 200606Z APR 26 | H57: 200636Z APR 26 | I57: 3000 | J57: 75.873124 | K57: 21.073659
A58: 68 | F58: AA0001 | H58: 200706Z APR 26 | J58: 76.041263 | K58: 21.075396
A59: 69 | F59: AA0001 | H59: 200906Z APR 26 | J59: 76.710022 | K59: 21.082301
A60: 70 | F60: AA0002 | H60: 200636Z APR 26 | J60: 304.7323 | K60: 31.790143
A61: 71 | F61: AA0002 | H61: 200706Z APR 26 | J61: 305.7934 | K61: 31.81129
A62: 72 | F62: AA0002 | H62: 200906Z APR 26 | J62: 310.00132 | K62: 31.895244
A63: 73 | F63: AA0003 | H63: 200636Z APR 26 | J63: 578.96915 | K63: 42.274074
A64: 74 | F64: AA0003 | H64: 200706Z APR 26 | J64: 581.01572 | K64: 42.300559
A65: 75 | F65: AA0003 | H65: 200906Z APR 26 | J65: 589.13084 | K65: 42.405712
A66: 76 | B66: Firing pos. Setermoen | C66: CM pos. Setermoen | D66: Low | E66: METCM | F66: AA0001 | G66: 210606Z APR 26 | H66: 210636Z APR 26 | I66: 2000 | J66: 67.834141 | K66: 23.703715
A67: 77 | F67: AA0001 | H67: 210706Z APR 26 | J67: 68.171878 | K67: 23.746629
A68: 78 | F68: AA0001 | H68: 210906Z APR 26 | J68: 69.495369 | K68: 23.914422
A69: 79 | F69: AA0002 | H69: 210636Z APR 26 | J69: 185.02286 | K69: 45.370812
A70: 80 | F70: AA0002 | H70: 210706Z APR 26 | J70: 186.91914 | K70: 45.594419
A71: 81 | F71: AA0002 | H71: 210906Z APR 26 | J71: 194.30778 | K71: 46.462193
A72: 82 | F72: AA0003 | H72: 210636Z APR 26 | J72: 331.91116 | K72: 55.53143
A73: 83 | F73: AA0003 | H73: 210706Z APR 26 | J73: 335.53822 | K73: 55.774121
A74: 84 | F74: AA0003 | H74: 210906Z APR 26 | J74: 349.66512 | K74: 56.717205
A75: 85 | B75: Firing pos. Setermoen | C75: CM pos. Setermoen | D75: Low | E75: METCM | F75: AA0001 | G75: 220612Z APR 26 | H75: 220642Z APR 26 | I75: 2000 | J75: 82.02722 | K75: 27.713401
A76: 86 | F76: AA0001 | H76: 220712Z APR 26 | J76: 82.502245 | K76: 27.806463
A77: 87 | F77: AA0001 | H77: 220912Z APR 26 | J77: 84.352726 | K77: 28.169006
A78: 88 | F78: AA0002 | H78: 220642Z APR 26 | J78: 197.29537 | K78: 59.785237
A79: 89 | F79: AA0002 | H79: 220712Z APR 26 | J79: 199.24854 | K79: 60.146543
A80: 90 | F80: AA0002 | H80: 220912Z APR 26 | J80: 206.85406 | K80: 61.545109
A81: 91 | F81: AA0003 | H81: 220642Z APR 26 | J81: 336.67361 | K81: 67.241132
A82: 92 | F82: AA0003 | H82: 220712Z APR 26 | J82: 340.31021 | K82: 67.602913
A83: 93 | F83: AA0003 | H83: 220912Z APR 26 | J83: 354.47433 | K83: 69.005512
A84: 94 | B84: Firing pos. Setermoen | C84: CM pos. Setermoen | D84: Low | E84: METCM | F84: AA0001 | G84: 230612Z APR 26 | H84: 230642Z APR 26 | I84: 3000 | J84: 59.295656 | K84: 21.374585
A85: 95 | F85: AA0001 | H85: 230712Z APR 26 | J85: 59.541627 | K85: 21.384594
A86: 96 | F86: AA0001 | H86: 230912Z APR 26 | J86: 60.512862 | K86: 21.42386
A87: 97 | F87: AA0002 | H87: 230642Z APR 26 | J87: 183.64908 | K87: 43.020851
A88: 98 | F88: AA0002 | H88: 230712Z APR 26 | J88: 185.53257 | K88: 43.218952
A89: 99 | F89: AA0002 | H89: 230912Z APR 26 | J89: 192.87302 | K89: 43.988391
A90: 100 | F90: AA0003 | H90: 230642Z APR 26 | J90: 333.20904 | K90: 57.380579
A91: 101 | F91: AA0003 | H91: 230712Z APR 26 | J91: 336.83058 | K91: 57.641999
A92: 102 | F92: AA0003 | H92: 230912Z APR 26 | J92: 350.93735 | K92: 58.657496
A93: 103 | B93: Firing pos. Setermoen | C93: CM pos. Setermoen | D93: Low | E93: METCM | F93: AA0001 | G93: 240606Z APR 26 | H93: 240636Z APR 26 | I93: 3000 | J93: 67.247838 | K93: 23.55624
A94: 104 | F94: AA0001 | H94: 240706Z APR 26 | J94: 67.579541 | K94: 23.597162
A95: 105 | F95: AA0001 | H95: 240906Z APR 26 | J95: 68.879873 | K95: 23.757198
A96: 106 | F96: AA0002 | H96: 240636Z APR 26 | J96: 184.74416 | K96: 45.02849
A97: 107 | F97: AA0002 | H97: 240706Z APR 26 | J97: 186.63904 | K97: 45.248557
A98: 108 | F98: AA0002 | H98: 240906Z APR 26 | J98: 194.02239 | K98: 46.102677
A99: 109 | F99: AA0003 | H99: 240636Z APR 26 | J99: 332.11469 | K99: 56.197075
A100: 110 | F100: AA0003 | H100: 240706Z APR 26 | J100: 335.74263 | K100: 56.446983
...

Sheet METCM (from METGM)
A1: Test ID | B1: Firing pos. | C1: Weather pos. | D1: Angle of fire | E1: Weather format | F1: Target name | G1: Timestamps | I1: Measured alt. | J1: missdistance
G2: Weather DTG | H2: Fire DTG | J2: range | K2: cross
A3: 190 | B3: Firing pos. Setermoen | C3: CM pos. Setermoen | D3: Low | E3: METCM (from METGM) | F3: AA0001 | G3: 060600Z MAY 26 | H3: 060630Z MAY 26 | I3: 15990 | J3: 60.19674 | K3: 20.852029
A4: 191 | F4: AA0001 | H4: 060700Z MAY 26 | J4: 58.248896 | K4: 20.836358
A5: 192 | F5: AA0001 | H5: 060900Z MAY 26 | J5: 47.526879 | K5: 20.732423
A6: 193 | F6: AA0002 | H6: 060630Z MAY 26 | J6: 199.71337 | K6: 31.287796
A7: 194 | F7: AA0002 | H7: 060700Z MAY 26 | J7: 184.34514 | K7: 30.852485
A8: 195 | F8: AA0002 | H8: 060900Z MAY 26 | J8: 71.547763 | K8: 27.802612
A9: 196 | F9: AA0003 | H9: 060630Z MAY 26 | J9: 375.30498 | K9: 44.098872
A10: 197 | F10: AA0003 | H10: 060700Z MAY 26 | J10: 345.39569 | K10: 43.32307
A11: 198 | F11: AA0003 | H11: 060900Z MAY 26 | J11: 119.0736 | K11: 37.793717
A12: 199 | B12: Firing pos. Setermoen | C12: CM pos. Setermoen | D12: Low | E12: METCM (from METGM) | F12: AA0001 | G12: 130924Z APR 26 | H12: 070630Z MAY 26 | I12: 15990 | J12: 58.819638 | K12: 21.042119
A13: 200 | F13: AA0001 | H13: 070700Z MAY 26 | J13: 59.047348 | K13: 21.046798
A14: 201 | F14: AA0001 | H14: 070900Z MAY 26 | J14: 47.720854 | K14: 20.774313
A15: 202 | F15: AA0002 | H15: 070630Z MAY 26 | J15: 181.87783 | K15: 29.391679
A16: 203 | F16: AA0002 | H16: 070700Z MAY 26 | J16: 183.65483 | K16: 29.423931
A17: 204 | F17: AA0002 | H17: 070900Z MAY 26 | J17: 71.19669 | K17: 27.495426
A18: 205 | F18: AA0003 | H18: 070630Z MAY 26 | J18: 341.19356 | K18: 40.049982
A19: 206 | F19: AA0003 | H19: 070700Z MAY 26 | J19: 344.65993 | K19: 40.100155
A20: 207 | F20: AA0003 | H20: 070900Z MAY 26 | J20: 118.65228 | K20: 37.085375
A21: 208 | B21: Firing pos. Setermoen | C21: CM pos. Setermoen | D21: Low | E21: METCM (from METGM) | F21: AA0001 | G21: 140612Z APR 26 | H21: 080630Z MAY 26 | I21: 15990 | J21: 59.462838 | K21: 21.440183
A22: 209 | F22: AA0001 | H22: 080700Z MAY 26 | J22: 59.712295 | K22: 21.45126
A23: 210 | F23: AA0001 | H23: 080900Z MAY 26 | J23: 60.696904 | K23: 21.494702
A24: 211 | F24: AA0002 | H24: 080630Z MAY 26 | J24: 176.56433 | K24: 32.990616
A25: 212 | F25: AA0002 | H25: 080700Z MAY 26 | J25: 178.42511 | K25: 33.074221
A26: 213 | F26: AA0002 | H26: 080900Z MAY 26 | J26: 185.67856 | K26: 33.400517
A27: 214 | F27: AA0003 | H27: 080630Z MAY 26 | J27: 328.9427 | K27: 47.877719
A28: 215 | F28: AA0003 | H28: 080700Z MAY 26 | J28: 332.56811 | K28: 48.033827
A29: 216 | F29: AA0003 | H29: 080900Z MAY 26 | J29: 346.68783 | K29: 48.64202
A30: 217 | B30: Firing pos. Setermoen | C30: CM pos. Setermoen | D30: Low | E30: METCM (from METGM) | F30: AA0001 | G30: 090600Z APR 26 | H30: 090630Z MAY 26 | I30: 15990 | J30: 61.212195 | K30: 21.902297
A31: 218 | F31: AA0001 | H31: 090700Z MAY 26 | J31: 61.480945 | K31: 21.920163
A32: 219 | F32: AA0001 | H32: 090900Z MAY 26 | J32: 62.539624 | K32: 21.990183
A33: 220 | F33: AA0002 | H33: 090630Z MAY 26 | J33: 178.22007 | K33: 35.761263
A34: 221 | F34: AA0002 | H34: 090700Z MAY 26 | J34: 180.08881 | K34: 35.879229
A35: 222 | F35: AA0002 | H35: 090900Z MAY 26 | J35: 187.37248 | K35: 36.338781
A36: 223 | F36: AA0003 | H36: 090630Z MAY 26 | J36: 332.17697 | K36: 58.432231
A37: 224 | F37: AA0003 | H37: 090700Z MAY 26 | J37: 335.81639 | K37: 58.707275
A38: 225 | F38: AA0003 | H38: 090900Z MAY 26 | J38: 349.98945 | K38: 59.775139
A39: 226 | B39: Firing pos. Setermoen | C39: CM pos. Setermoen | D39: Low | E39: METCM (from METGM) | F39: AA0001 | G39: 160606Z APR 26 | H39: 100630Z MAY 26 | I39: 15990 | J39: 57.462385 | K39: 20.910845
A40: 227 | F40: AA0001 | H40: 100700Z MAY 26 | J40: 57.689337 | K40: 20.913966
A41: 228 | F41: AA0001 | H41: 100900Z MAY 26 | J41: 58.58752 | K41: 20.926216
A42: 229 | F42: AA0002 | H42: 100630Z MAY 26 | J42: 180.25203 | K42: 38.973105
A43: 230 | F43: AA0002 | H43: 100700Z MAY 26 | J43: 182.13066 | K43: 39.12855
A44: 231 | F44: AA0002 | H44: 100900Z MAY 26 | J44: 189.45186 | K44: 39.733104
A45: 232 | F45: AA0003 | H45: 100630Z MAY 26 | J45: 353.07669 | K45: 104.42782
A46: 233 | F46: AA0003 | H46: 100700Z MAY 26 | J46: 356.81141 | K46: 105.13098
A47: 234 | F47: AA0003 | H47: 100900Z MAY 26 | J47: 371.34726 | K47: 107.84797
A48: 235 | B48: Firing pos. Setermoen | C48: CM pos. Setermoen | D48: Low | E48: METCM (from METGM) | F48: AA0001 | G48: 170600Z APR 26 | H48: 110630Z MAY 26 | I48: 15990 | J48: 61.759192 | K48: 22.047615
A49: 236 | F49: AA0001 | H49: 110700Z MAY 26 | J49: 62.033905 | K49: 22.067588
A50: 237 | F50: AA0001 | H50: 110900Z MAY 26 | J50: 63.115477 | K50: 22.145847
A51: 238 | F51: AA0002 | H51: 110630Z MAY 26 | J51: 179.91298 | K51: 38.408119
A52: 239 | F52: AA0002 | H52: 110700Z MAY 26 | J52: 181.78995 | K52: 38.557128
A53: 240 | F53: AA0002 | H53: 110900Z MAY 26 | J53: 189.10485 | K53: 39.136804
A54: 241 | F54: AA0003 | H54: 110630Z MAY 26 | J54: 334.86594 | K54: 65.879237
A55: 242 | F55: AA0003 | H55: 110700Z MAY 26 | J55: 338.51718 | K55: 66.230818
A56: 243 | F56: AA0003 | H56: 110900Z MAY 26 | J56: 352.73519 | K56: 67.593796

Sheet METCM (from METGC)
A1: Test ID | B1: Firing pos. | C1: Weather pos. | D1: Angle of fire | E1: Weather format | F1: Target name | G1: Timestamps | I1: Measured alt. | J1: missdistance
G2: Weather DTG | H2: Fire DTG | J2: range | K2: cross
A3: 244 | B3: Firing pos. Setermoen | C3: CM pos. Setermoen | D3: Low | E3: METCM (from METGC) | F3: AA0001 | G3: 060600Z MAY 26 | H3: 060630Z MAY 26 | I3: 15990 | J3: 189.71471 | K3: 21.869515
A4: 245 | F4: AA0001 | H4: 060700Z MAY 26 | J4: 189.78069 | K4: 21.870076
A5: 246 | F5: AA0001 | H5: 060900Z MAY 26 | J5: 190.04437 | K5: 21.872318
A6: 247 | F6: AA0002 | H6: 060630Z MAY 26 | J6: 935.13331 | K6: 52.714034
A7: 248 | F7: AA0002 | H7: 060700Z MAY 26 | J7: 935.47911 | K7: 52.723667
A8: 249 | F8: AA0002 | H8: 060900Z MAY 26 | J8: 936.86099 | K8: 52.762157
A9: 250 | F9: AA0003 | H9: 060630Z MAY 26 | J9: 1789.3049 | K9: 80.357745
A10: 251 | F10: AA0003 | H10: 060700Z MAY 26 | J10: 1789.9684 | K10: 80.373589
A11: 252 | F11: AA0003 | H11: 060900Z MAY 26 | J11: 1792.6196 | K11: 80.436893
A12: 253 | B12: Firing pos. Setermoen | C12: CM pos. Setermoen | D12: Low | E12: METCM (from METGC) | F12: AA0001 | G12: 130924Z APR 26 | H12: 070630Z MAY 26 | I12: 15990 | J12: 57.894663 | K12: 21.022971
A13: 254 | F13: AA0001 | H13: 070700Z MAY 26 | J13: 58.126521 | K13: 21.027793
A14: 255 | F14: AA0001 | H14: 070900Z MAY 26 | J14: 59.043545 | K14: 21.04672
A15: 256 | F15: AA0002 | H15: 070630Z MAY 26 | J15: 174.5567 | K15: 29.259387
A16: 257 | F16: AA0002 | H16: 070700Z MAY 26 | J16: 176.40795 | K16: 29.292749
A17: 258 | F17: AA0002 | H17: 070900Z MAY 26 | J17: 183.62523 | K17: 29.423393
A18: 259 | F18: AA0003 | H18: 070630Z MAY 26 | J18: 326.8991 | K18: 39.844108
A19: 260 | F19: AA0003 | H19: 070700Z MAY 26 | J19: 330.51576 | K19: 39.896038
A20: 261 | F20: AA0003 | H20: 070900Z MAY 26 | J20: 344.6022 | K20: 40.099318
A21: 262 | B21: Firing pos. Setermoen | C21: CM pos. Setermoen | D21: Low | E21: METCM (from METGC) | F21: AA0001 | G21: 140612Z APR 26 | H21: 080630Z MAY 26 | I21: 15990 | J21: 59.462838 | K21: 21.440183
A22: 263 | F22: AA0001 | H22: 080700Z MAY 26 | J22: 59.712295 | K22: 21.45126
A23: 264 | F23: AA0001 | H23: 080900Z MAY 26 | J23: 60.696904 | K23: 21.494702
A24: 265 | F24: AA0002 | H24: 080630Z MAY 26 | J24: 176.56433 | K24: 32.990616
A25: 266 | F25: AA0002 | H25: 080700Z MAY 26 | J25: 178.42511 | K25: 33.074221
A26: 267 | F26: AA0002 | H26: 080900Z MAY 26 | J26: 185.67856 | K26: 33.400517
A27: 268 | F27: AA0003 | H27: 080630Z MAY 26 | J27: 328.9427 | K27: 47.877719
A28: 269 | F28: AA0003 | H28: 080700Z MAY 26 | J28: 332.56811 | K28: 48.033827
A29: 270 | F29: AA0003 | H29: 080900Z MAY 26 | J29: 346.68783 | K29: 48.64202
A30: 271 | B30: Firing pos. Setermoen | C30: CM pos. Setermoen | D30: Low | E30: METCM (from METGC) | F30: AA0001 | G30: 090600Z APR 26 | H30: 090630Z MAY 26 | I30: 15990 | J30: 61.212195 | K30: 21.902297
A31: 272 | F31: AA0001 | H31: 090700Z MAY 26 | J31: 61.480945 | K31: 21.920163
A32: 273 | F32: AA0001 | H32: 090900Z MAY 26 | J32: 62.539624 | K32: 21.990183
A33: 274 | F33: AA0002 | H33: 090630Z MAY 26 | J33: 178.22007 | K33: 35.761263
A34: 275 | F34: AA0002 | H34: 090700Z MAY 26 | J34: 180.08881 | K34: 35.879229
A35: 276 | F35: AA0002 | H35: 090900Z MAY 26 | J35: 187.37248 | K35: 36.338781
A36: 277 | F36: AA0003 | H36: 090630Z MAY 26 | J36: 332.17697 | K36: 58.432231
A37: 278 | F37: AA0003 | H37: 090700Z MAY 26 | J37: 335.81639 | K37: 58.707275
A38: 279 | F38: AA0003 | H38: 090900Z MAY 26 | J38: 349.98945 | K38: 59.775139
A39: 280 | B39: Firing pos. Setermoen | C39: CM pos. Setermoen | D39: Low | E39: METCM (from METGC) | F39: AA0001 | G39: 160606Z APR 26 | H39: 100630Z MAY 26 | I39: 15990 | J39: 57.462385 | K39: 20.910845
A40: 281 | F40: AA0001 | H40: 100700Z MAY 26 | J40: 57.689337 | K40: 20.913966
A41: 282 | F41: AA0001 | H41: 100900Z MAY 26 | J41: 58.58752 | K41: 20.926216
A42: 283 | F42: AA0002 | H42: 100630Z MAY 26 | J42: 180.25203 | K42: 38.973105
A43: 284 | F43: AA0002 | H43: 100700Z MAY 26 | J43: 182.13066 | K43: 39.12855
A44: 285 | F44: AA0002 | H44: 100900Z MAY 26 | J44: 189.45186 | K44: 39.733104
A45: 286 | F45: AA0003 | H45: 100630Z MAY 26 | J45: 353.07669 | K45: 104.42782
A46: 287 | F46: AA0003 | H46: 100700Z MAY 26 | J46: 356.81141 | K46: 105.13098
A47: 288 | F47: AA0003 | H47: 100900Z MAY 26 | J47: 371.34726 | K47: 107.84797
A48: 289 | B48: Firing pos. Setermoen | C48: CM pos. Setermoen | D48: Low | E48: METCM (from METGC) | F48: AA0001 | G48: 170600Z APR 26 | H48: 110630Z MAY 26 | I48: 15990 | J48: 61.759192 | K48: 22.047615
A49: 290 | F49: AA0001 | H49: 110700Z MAY 26 | J49: 62.033905 | K49: 22.067588
A50: 291 | F50: AA0001 | H50: 110900Z MAY 26 | J50: 63.115477 | K50: 22.145847
A51: 292 | F51: AA0002 | H51: 110630Z MAY 26 | J51: 179.91298 | K51: 38.408119
A52: 293 | F52: AA0002 | H52: 110700Z MAY 26 | J52: 181.78995 | K52: 38.557128
A53: 294 | F53: AA0002 | H53: 110900Z MAY 26 | J53: 189.10485 | K53: 39.136804
A54: 295 | F54: AA0003 | H54: 110630Z MAY 26 | J54: 334.86594 | K54: 65.879237
A55: 296 | F55: AA0003 | H55: 110700Z MAY 26 | J55: 338.51718 | K55: 66.230818
A56: 297 | F56: AA0003 | H56: 110900Z MAY 26 | J56: 352.73519 | K56: 67.593796

Sheet Statistikk
A1: Test ID | B1: Firing pos. | C1: Weather pos. | D1: Weather format | E1: Target name | F1: Fire DTG | G1: Measured alt. | H1: Type of stat. | I1: missdistance
I2: range | J2: cross
B3: Firing pos. Harstad | C3: CM pos. Harstad | D3: METCM | E3: AA0001 | F3: 231300Z FEB 26 | G3: 6000 | H3: n (antall) | I3: =COUNT('METCM (Meteomatics)'!J165:J169) -> 5 | J3: =COUNT('METCM (Meteomatics)'!K165:K169) -> 5
H4: Gjennomsnitt | I4: =AVERAGE('METCM (Meteomatics)'!J165:J169) -> 252.11618 | J4: =AVERAGE('METCM (Meteomatics)'!K165:K169) -> 35.163065
H5: Standardavvik (utvalg) | I5: =_xlfn.STDEV.S('METCM (Meteomatics)'!J165:J169) -> 7.562202 | J5: =_xlfn.STDEV.S('METCM (Meteomatics)'!K165:K169) -> 0.17132996
H6: Median | I6: =MEDIAN('METCM (Meteomatics)'!J165:J169) -> 250.92734 | J6: =MEDIAN('METCM (Meteomatics)'!K165:K169) -> 35.135865
H7: Q1 | I7: =_xlfn.QUARTILE.INC('METCM (Meteomatics)'!J165:J169,1) -> 246.60966 | J7: =_xlfn.QUARTILE.INC('METCM (Meteomatics)'!K165:K169,1) -> 35.038342
H8: Q3 | I8: =_xlfn.QUARTILE.INC('METCM (Meteomatics)'!J165:J169,3) -> 255.17105 | J8: =_xlfn.QUARTILE.INC('METCM (Meteomatics)'!K165:K169,3) -> 35.231962 | L8: Totale gjennomsnitt for Harstad
H9: IQR | I9: =I8-I7 -> 8.561391 | J9: =J8-J7 -> 0.19362 | L9: range | M9: cross
H10: 95% KI - nedre | I10: =I4-_xlfn.CONFIDENCE.T(0.05,I5,I3) -> 242.72646 | J10: =J4-_xlfn.CONFIDENCE.T(0.05,J5,J3) -> 34.950331 | L10: =AVERAGE(I4,I13,I22) -> 262.32281 | M10: =AVERAGE(J4,J13,J22) -> 36.459206
H11: 95% KI - øvre | I11: =I4+_xlfn.CONFIDENCE.T(0.05,I5,I3) -> 261.50589 | J11: =J4+_xlfn.CONFIDENCE.T(0.05,J5,J3) -> 35.375799
E12: AA0002 | H12: n (antall) | I12: =COUNT('METCM (Meteomatics)'!J170:J174) -> 5 | J12: =COUNT('METCM (Meteomatics)'!K170:K174) -> 5
H13: Gjennomsnitt | I13: =AVERAGE('METCM (Meteomatics)'!J170:J174) -> 257.30057 | J13: =AVERAGE('METCM (Meteomatics)'!K170:K174) -> 37.442109
H14: Standardavvik (utvalg) | I14: =_xlfn.STDEV.S('METCM (Meteomatics)'!J170:J174) -> 7.7323306 | J14: =_xlfn.STDEV.S('METCM (Meteomatics)'!K170:K174) -> 0.23121275
H15: Median | I15: =MEDIAN('METCM (Meteomatics)'!J170:J174) -> 256.08505 | J15: =MEDIAN('METCM (Meteomatics)'!K170:K174) -> 37.405506
H16: Q1 | I16: =_xlfn.QUARTILE.INC('METCM (Meteomatics)'!J170:J174,1) -> 251.67017 | J16: =_xlfn.QUARTILE.INC('METCM (Meteomatics)'!K170:K174,1) -> 37.273779
H17: Q3 | I17: =_xlfn.QUARTILE.INC('METCM (Meteomatics)'!J170:J174,3) -> 260.42424 | J17: =_xlfn.QUARTILE.INC('METCM (Meteomatics)'!K170:K174,3) -> 37.535212
H18: IQR | I18: =I17-I16 -> 8.754075 | J18: =J17-J16 -> 0.261433
H19: 95% KI - nedre | I19: =I13-_xlfn.CONFIDENCE.T(0.05,I14,I12) -> 247.69961 | J19: =J13-_xlfn.CONFIDENCE.T(0.05,J14,J12) -> 37.15502
H20: 95% KI - øvre | I20: =I13+_xlfn.CONFIDENCE.T(0.05,I14,I12) -> 266.90152 | J20: =J13+_xlfn.CONFIDENCE.T(0.05,J14,J12) -> 37.729197
E21: AA0003 | H21: n (antall) | I21: =COUNT('METCM (Meteomatics)'!J175:J179) -> 5 | J21: =COUNT('METCM (Meteomatics)'!K175:K179) -> 5
H22: Gjennomsnitt | I22: =AVERAGE('METCM (Meteomatics)'!J175:J179) -> 277.55169 | J22: =AVERAGE('METCM (Meteomatics)'!K175:K179) -> 36.772444
H23: Standardavvik (utvalg) | I23: =_xlfn.STDEV.S('METCM (Meteomatics)'!J175:J179) -> 8.3514757 | J23: =_xlfn.STDEV.S('METCM (Meteomatics)'!K175:K179) -> 0.18167332
H24: Median | I24: =MEDIAN('METCM (Meteomatics)'!J175:J179) -> 276.2387 | J24: =MEDIAN('METCM (Meteomatics)'!K175:K179) -> 36.743606
H25: Q1 | I25: =_xlfn.QUARTILE.INC('METCM (Meteomatics)'!J175:J179,1) -> 271.47046 | J25: =_xlfn.QUARTILE.INC('METCM (Meteomatics)'!K175:K179,1) -> 36.640191
H26: Q3 | I26: =_xlfn.QUARTILE.INC('METCM (Meteomatics)'!J175:J179,3) -> 280.92532 | J26: =_xlfn.QUARTILE.INC('METCM (Meteomatics)'!K175:K179,3) -> 36.845505
H27: IQR | I27: =I26-I25 -> 9.454852 | J27: =J26-J25 -> 0.205314
H28: 95% KI - nedre | I28: =I22-_xlfn.CONFIDENCE.T(0.05,I23,I21) -> 267.18196 | J28: =J22-_xlfn.CONFIDENCE.T(0.05,J23,J21) -> 36.546867
H29: 95% KI - øvre | I29: =I22+_xlfn.CONFIDENCE.T(0.05,I23,I21) -> 287.92141 | J29: =J22+_xlfn.CONFIDENCE.T(0.05,J23,J21) -> 36.998021
B30: Firing pos. Andøya | C30: CM pos. Andøya | D30: METCM | E30: AA0001 | F30: 09-23. APR 26 | G30: 5000 | H30: n (antall) | I30: =COUNT('METCM (Meteomatics)'!J129:J131,'METCM (Meteomatics)'!J138:J140,'METCM (Meteomatics)'!J147:J149,'METCM (Meteomatics)'!J156:J158) -> 12 | J30: =COUNT('METCM (Meteomatics)'!K129:K131,'METCM (Meteomatics)'!K138:K140,'METCM (Meteomatics)'!K147:K149,'METCM (Meteomatics)'!K156:K158) -> 12
H31: Gjennomsnitt | I31: =AVERAGE('METCM (Meteomatics)'!J129:J131,'METCM (Meteomatics)'!J138:J140,'METCM (Meteomatics)'!J147:J149,'METCM (Meteomatics)'!J156:J158) -> 65.825832 | J31: =AVERAGE('METCM (Meteomatics)'!K129:K131,'METCM (Meteomatics)'!K138:K140,'METCM (Meteomatics)'!K147:K149,'METCM (Meteomatics)'!K156:K158) -> 20.740059
H32: Standardavvik (utvalg) | I32: =_xlfn.STDEV.S('METCM (Meteomatics)'!J129:J131,'METCM (Meteomatics)'!J138:J140,'METCM (Meteomatics)'!J147:J149,'METCM (Meteomatics)'!J156:J158) -> 18.851273 | J32: =_xlfn.STDEV.S('METCM (Meteomatics)'!K129:K131,'METCM (Meteomatics)'!K138:K140,'METCM (Meteomatics)'!K147:K149,'METCM (Meteomatics)'!K156:K158) -> 0.12804012
H33: Median | I33: =MEDIAN('METCM (Meteomatics)'!J129:J131,'METCM (Meteomatics)'!J138:J140,'METCM (Meteomatics)'!J147:J149,'METCM (Meteomatics)'!J156:J158) -> 57.376914 | J33: =MEDIAN('METCM (Meteomatics)'!K129:K131,'METCM (Meteomatics)'!K138:K140,'METCM (Meteomatics)'!K147:K149,'METCM (Meteomatics)'!K156:K158) -> 20.68901
H34: Q1 | I34: =_xlfn.QUARTILE.INC(('METCM (Meteomatics)'!J129:J131,'METCM (Meteomatics)'!J138:J140,'METCM (Meteomatics)'!J147:J149,'METCM (Meteomatics)'!J156:J158),1) -> 53.459353 | J34: =_xlfn.QUARTILE.INC(('METCM (Meteomatics)'!K129:K131,'METCM (Meteomatics)'!K138:K140,'METCM (Meteomatics)'!K147:K149,'METCM (Meteomatics)'!K156:K158),1) -> 20.644764
H35: Q3 | I35: =_xlfn.QUARTILE.INC(('METCM (Meteomatics)'!J129:J131,'METCM (Meteomatics)'!J138:J140,'METCM (Meteomatics)'!J147:J149,'METCM (Meteomatics)'!J156:J158),3) -> 68.998953 | J35: =_xlfn.QUARTILE.INC(('METCM (Meteomatics)'!K129:K131,'METCM (Meteomatics)'!K138:K140,'METCM (Meteomatics)'!K147:K149,'METCM (Meteomatics)'!K156:K158),3) -> 20.777419
H36: IQR | I36: =I35-I34 -> 15.5396 | J36: =J35-J34 -> 0.1326555
H37: 95% KI - nedre | I37: =I31-_xlfn.CONFIDENCE.T(0.05,I32,I30) -> 53.848305 | J37: =J31-_xlfn.CONFIDENCE.T(0.05,J32,J30) -> 20.658707
G38: 3000 | H38: 95% KI - øvre | I38: =I31+_xlfn.CONFIDENCE.T(0.05,I32,I30) -> 77.80336 | J38: =J31+_xlfn.CONFIDENCE.T(0.05,J32,J30) -> 20.821412
E39: AA0002 | H39: n (antall) | I39: =COUNT('METCM (Meteomatics)'!J132:J134,'METCM (Meteomatics)'!J141:J143,'METCM (Meteomatics)'!J150:J152,'METCM (Meteomatics)'!J159:J161) -> 12 | J39: =COUNT('METCM (Meteomatics)'!K132:K134,'METCM (Meteomatics)'!K141:K143,'METCM (Meteomatics)'!K150:K152,'METCM (Meteomatics)'!K159:K161) -> 12
H40: Gjennomsnitt | I40: =AVERAGE('METCM (Meteomatics)'!J132:J134,'METCM (Meteomatics)'!J141:J143,'METCM (Meteomatics)'!J150:J152,'METCM (Meteomatics)'!J159:J161) -> 190.70864 | J40: =AVERAGE('METCM (Meteomatics)'!K132:K134,'METCM (Meteomatics)'!K141:K143,'METCM (Meteomatics)'!K150:K152,'METCM (Meteomatics)'!K159:K161) -> 28.143131
H41: Standardavvik (utvalg) | I41: =_xlfn.STDEV.S('METCM (Meteomatics)'!J132:J134,'METCM (Meteomatics)'!J141:J143,'METCM (Meteomatics)'!J150:J152,'METCM (Meteomatics)'!J159:J161) -> 140.53756 | J41: =_xlfn.STDEV.S('METCM (Meteomatics)'!K132:K134,'METCM (Meteomatics)'!K141:K143,'METCM (Meteomatics)'!K150:K152,'METCM (Meteomatics)'!K159:K161) -> 0.82251518
H42: Median | I42: =MEDIAN('METCM (Meteomatics)'!J132:J134,'METCM (Meteomatics)'!J141:J143,'METCM (Meteomatics)'!J150:J152,'METCM (Meteomatics)'!J159:J161) -> 138.85674 | J42: =MEDIAN('METCM (Meteomatics)'!K132:K134,'METCM (Meteomatics)'!K141:K143,'METCM (Meteomatics)'!K150:K152,'METCM (Meteomatics)'!K159:K161) -> 27.833138
H43: Q1 | I43: =_xlfn.QUARTILE.INC(('METCM (Meteomatics)'!J132:J134,'METCM (Meteomatics)'!J141:J143,'METCM (Meteomatics)'!J150:J152,'METCM (Meteomatics)'!J159:J161),1) -> 82.528969 | J43: =_xlfn.QUARTILE.INC(('METCM (Meteomatics)'!K132:K134,'METCM (Meteomatics)'!K141:K143,'METCM (Meteomatics)'!K150:K152,'METCM (Meteomatics)'!K159:K161),1) -> 27.528996
H44: Q3 | I44: =_xlfn.QUARTILE.INC(('METCM (Meteomatics)'!J132:J134,'METCM (Meteomatics)'!J141:J143,'METCM (Meteomatics)'!J150:J152,'METCM (Meteomatics)'!J159:J161),3) -> 239.40121 | J44: =_xlfn.QUARTILE.INC(('METCM (Meteomatics)'!K132:K134,'METCM (Meteomatics)'!K141:K143,'METCM (Meteomatics)'!K150:K152,'METCM (Meteomatics)'!K159:K161),3) -> 28.377959
H45: IQR | I45: =I44-I43 -> 156.87225 | J45: =J44-J43 -> 0.84896325
H46: 95% KI - nedre | I46: =I40-_xlfn.CONFIDENCE.T(0.05,I41,I39) -> 101.41534 | J46: =J40-_xlfn.CONFIDENCE.T(0.05,J41,J39) -> 27.62053
H47: 95% KI - øvre | I47: =I40+_xlfn.CONFIDENCE.T(0.05,I41,I39) -> 280.00195 | J47: =J40+_xlfn.CONFIDENCE.T(0.05,J41,J39) -> 28.665732
E48: AA0003 | H48: n (antall) | I48: =COUNT('METCM (Meteomatics)'!J135:J137,'METCM (Meteomatics)'!J144:J146,'METCM (Meteomatics)'!J153:J155,'METCM (Meteomatics)'!J162:J164) -> 12 | J48: =COUNT('METCM (Meteomatics)'!K135:K137,'METCM (Meteomatics)'!K144:K146,'METCM (Meteomatics)'!K153:K155,'METCM (Meteomatics)'!K162:K164) -> 12
H49: Gjennomsnitt | I49: =AVERAGE('METCM (Meteomatics)'!J135:J137,'METCM (Meteomatics)'!J144:J146,'METCM (Meteomatics)'!J153:J155,'METCM (Meteomatics)'!J162:J164) -> 312.73288 | J49: =AVERAGE('METCM (Meteomatics)'!K135:K137,'METCM (Meteomatics)'!K144:K146,'METCM (Meteomatics)'!K153:K155,'METCM (Meteomatics)'!K162:K164) -> 36.823745
H50: Standardavvik (utvalg) | I50: =_xlfn.STDEV.S('METCM (Meteomatics)'!J135:J137,'METCM (Meteomatics)'!J144:J146,'METCM (Meteomatics)'!J153:J155,'METCM (Meteomatics)'!J162:J164) -> 252.98579 | J50: =_xlfn.STDEV.S('METCM (Meteomatics)'!K135:K137,'METCM (Meteomatics)'!K144:K146,'METCM (Meteomatics)'!K153:K155,'METCM (Meteomatics)'!K162:K164) -> 1.8635836
H51: Median | I51: =MEDIAN('METCM (Meteomatics)'!J135:J137,'METCM (Meteomatics)'!J144:J146,'METCM (Meteomatics)'!J153:J155,'METCM (Meteomatics)'!J162:J164) -> 224.89562 | J51: =MEDIAN('METCM (Meteomatics)'!K135:K137,'METCM (Meteomatics)'!K144:K146,'METCM (Meteomatics)'!K153:K155,'METCM (Meteomatics)'!K162:K164) -> 36.12254
H52: Q1 | I52: =_xlfn.QUARTILE.INC(('METCM (Meteomatics)'!J135:J137,'METCM (Meteomatics)'!J144:J146,'METCM (Meteomatics)'!J153:J155,'METCM (Meteomatics)'!J162:J164),1) -> 116.72938 | J52: =_xlfn.QUARTILE.INC(('METCM (Meteomatics)'!K135:K137,'METCM (Meteomatics)'!K144:K146,'METCM (Meteomatics)'!K153:K155,'METCM (Meteomatics)'!K162:K164),1) -> 35.495509
H53: Q3 | I53: =_xlfn.QUARTILE.INC(('METCM (Meteomatics)'!J135:J137,'METCM (Meteomatics)'!J144:J146,'METCM (Meteomatics)'!J153:J155,'METCM (Meteomatics)'!J162:J164),3) -> 408.27455 | J53: =_xlfn.QUARTILE.INC(('METCM (Meteomatics)'!K135:K137,'METCM (Meteomatics)'!K144:K146,'METCM (Meteomatics)'!K153:K155,'METCM (Meteomatics)'!K162:K164),3) -> 37.34513
H54: IQR | I54: =I53-I52 -> 291.54517 | J54: =J53-J52 -> 1.8496212
H55: 95% KI - nedre | I55: =I49-_xlfn.CONFIDENCE.T(0.05,I50,I48) -> 151.99338 | J55: =J49-_xlfn.CONFIDENCE.T(0.05,J50,J48) -> 35.639681
H56: 95% KI - øvre | I56: =I49+_xlfn.CONFIDENCE.T(0.05,I50,I48) -> 473.47238 | J56: =J49+_xlfn.CONFIDENCE.T(0.05,J50,J48) -> 38.00781
B57: Firing pos. Setermoen | C57: CM pos. Setermoen | D57: METCM | E57: AA0001 | F57: 10-30. APR 26 | G57: 3000 | H57: n (antall) | I57: =COUNT('METCM (Meteomatics)'!J3:J5,'METCM (Meteomatics)'!J12:J14,'METCM (Meteomatics)'!J21:J23,'METCM (Meteomatics)'!J30:J32,'METCM (Meteomatics)'!J39:J41,'METCM (Meteomatics)'!J48:J50,'METCM (Meteomatics)'!J57:J59,'METCM (Meteomatics)'!J66:J68,'METCM (Meteomatics)'!J75:J77,'METCM (Meteomatics)'!J84:J86,'METCM (Meteomatics)'!J93:J95,'METCM (Meteomatics)'!J102:J104,'METCM (Meteomatics)'!J111:J113,'METCM (Meteomatics)'!J120:J122) -> 42 | J57: =COUNT('METCM (Meteomatics)'!K3:K5,'METCM (Meteomatics)'!K12:K14,'METCM (Meteomatics)'!K21:K23,'METCM (Meteomatics)'!K30:K32,'METCM (Meteomatics)'!K39:K41,'METCM (Meteomatics)'!K48:K50,'METCM (Meteomatics)'!K57:K59,'METCM (Meteomatics)'!K66:K68,'METCM (Meteomatics)'!K75:K77,'METCM (Meteomatics)'!K84:K86,'METCM (Meteomatics)'!K93:K95,'METCM (Meteomatics)'!K102:K104,'METCM (Meteomatics)'!K111:K113,'METCM (Meteomatics)'!K120:K122) -> 42
H58: Gjennomsnitt | I58: =AVERAGE('METCM (Meteomatics)'!J3:J5,'METCM (Meteomatics)'!J12:J14,'METCM (Meteomatics)'!J21:J23,'METCM (Meteomatics)'!J30:J32,'METCM (Meteomatics)'!J39:J41,'METCM (Meteomatics)'!J48:J50,'METCM (Meteomatics)'!J57:J59,'METCM (Meteomatics)'!J66:J68,'METCM (Meteomatics)'!J75:J77,'METCM (Meteomatics)'!J84:J86,'METCM (Meteomatics)'!J93:J95,'METCM (Meteomatics)'!J102:J104,'METCM (Meteomatics)'!J111:J113,'METCM (Meteomatics)'!J120:J122) -> 68.208813 | J58: =AVERAGE('METCM (Meteomatics)'!K3:K5,'METCM (Meteomatics)'!K12:K14,'METCM (Meteomatics)'!K21:K23,'METCM (Meteomatics)'!K30:K32,'METCM (Meteomatics)'!K39:K41,'METCM (Meteomatics)'!K48:K50,'METCM (Meteomatics)'!K57:K59,'METCM (Meteomatics)'!K66:K68,'METCM (Meteomatics)'!K75:K77,'METCM (Meteomatics)'!K84:K86,'METCM (Meteomatics)'!K93:K95,'METCM (Meteomatics)'!K102:K104,'METCM (Meteomatics)'!K111:K113,'METCM (Meteomatics)'!K120:K122) -> 22.576646
H59: Standardavvik (utvalg) | I59: =_xlfn.STDEV.S('METCM (Meteomatics)'!J3:J5,'METCM (Meteomatics)'!J12:J14,'METCM (Meteomatics)'!J21:J23,'METCM (Meteomatics)'!J30:J32,'METCM (Meteomatics)'!J39:J41,'METCM (Meteomatics)'!J48:J50,'METCM (Meteomatics)'!J57:J59,'METCM (Meteomatics)'!J66:J68,'METCM (Meteomatics)'!J75:J77,'METCM (Meteomatics)'!J84:J86,'METCM (Meteomatics)'!J93:J95,'METCM (Meteomatics)'!J102:J104,'METCM (Meteomatics)'!J111:J113,'METCM (Meteomatics)'!J120:J122) -> 10.038235 | J59: =_xlfn.STDEV.S('METCM (Meteomatics)'!K3:K5,'METCM (Meteomatics)'!K12:K14,'METCM (Meteomatics)'!K21:K23,'METCM (Meteomatics)'!K30:K32,'METCM (Meteomatics)'!K39:K41,'METCM (Meteomatics)'!K48:K50,'METCM (Meteomatics)'!K57:K59,'METCM (Meteomatics)'!K66:K68,'METCM (Meteomatics)'!K75:K77,'METCM (Meteomatics)'!K84:K86,'METCM (Meteomatics)'!K93:K95,'METCM (Meteomatics)'!K102:K104,'METCM (Meteomatics)'!K111:K113,'METCM (Meteomatics)'!K120:K122) -> 1.7956465
H60: Median | I60: =MEDIAN('METCM (Meteomatics)'!J3:J5,'METCM (Meteomatics)'!J12:J14,'METCM (Meteomatics)'!J21:J23,'METCM (Meteomatics)'!J30:J32,'METCM (Meteomatics)'!J39:J41,'METCM (Meteomatics)'!J48:J50,'METCM (Meteomatics)'!J57:J59,'METCM (Meteomatics)'!J66:J68,'METCM (Meteomatics)'!J75:J77,'METCM (Meteomatics)'!J84:J86,'METCM (Meteomatics)'!J93:J95,'METCM (Meteomatics)'!J102:J104,'METCM (Meteomatics)'!J111:J113,'METCM (Meteomatics)'!J120:J122) -> 64.042356 | J60: =MEDIAN('METCM (Meteomatics)'!K3:K5,'METCM (Meteomatics)'!K12:K14,'METCM (Meteomatics)'!K21:K23,'METCM (Meteomatics)'!K30:K32,'METCM (Meteomatics)'!K39:K41,'METCM (Meteomatics)'!K48:K50,'METCM (Meteomatics)'!K57:K59,'METCM (Meteomatics)'!K66:K68,'METCM (Meteomatics)'!K75:K77,'METCM (Meteomatics)'!K84:K86,'METCM (Meteomatics)'!K93:K95,'METCM (Meteomatics)'!K102:K104,'METCM (Meteomatics)'!K111:K113,'METCM (Meteomatics)'!K120:K122) -> 21.876559
H61: Q1 | I61: =_xlfn.QUARTILE.INC(('METCM (Meteomatics)'!J3:J5,'METCM (Meteomatics)'!J12:J14,'METCM (Meteomatics)'!J21:J23,'METCM (Meteomatics)'!J30:J32,'METCM (Meteomatics)'!J39:J41,'METCM (Meteomatics)'!J48:J50,'METCM (Meteomatics)'!J57:J59,'METCM (Meteomatics)'!J66:J68,'METCM (Meteomatics)'!J75:J77,'METCM (Meteomatics)'!J84:J86,'METCM (Meteomatics)'!J93:J95,'METCM (Meteomatics)'!J102:J104,'METCM (Meteomatics)'!J111:J113,'METCM (Meteomatics)'!J120:J122),1) -> 60.00069 | J61: =_xlfn.QUARTILE.INC(('METCM (Meteomatics)'!K3:K5,'METCM (Meteomatics)'!K12:K14,'METCM (Meteomatics)'!K21:K23,'METCM (Meteomatics)'!K30:K32,'METCM (Meteomatics)'!K39:K41,'METCM (Meteomatics)'!K48:K50,'METCM (Meteomatics)'!K57:K59,'METCM (Meteomatics)'!K66:K68,'METCM (Meteomatics)'!K75:K77,'METCM (Meteomatics)'!K84:K86,'METCM (Meteomatics)'!K93:K95,'METCM (Meteomatics)'!K102:K104,'METCM (Meteomatics)'!K111:K113,'METCM (Meteomatics)'!K120:K122),1) -> 21.479464
H62: Q3 | I62: =_xlfn.QUARTILE.INC(('METCM (Meteomatics)'!J3:J5,'METCM (Meteomatics)'!J12:J14,'METCM (Meteomatics)'!J21:J23,'METCM (Meteomatics)'!J30:J32,'METCM (Meteomatics)'!J39:J41,'METCM (Meteomatics)'!J48:J50,'METCM (Meteomatics)'!J57:J59,'METCM (Meteomatics)'!J66:J68,'METCM (Meteomatics)'!J75:J77,'METCM (Meteomatics)'!J84:J86,'METCM (Meteomatics)'!J93:J95,'METCM (Meteomatics)'!J102:J104,'METCM (Meteomatics)'!J111:J113,'METCM (Meteomatics)'!J120:J122),3) -> 75.999228 | J62: =_xlfn.QUARTILE.INC(('METCM (Meteomatics)'!K3:K5,'METCM (Meteomatics)'!K12:K14,'METCM (Meteomatics)'!K21:K23,'METCM (Meteomatics)'!K30:K32,'METCM (Meteomatics)'!K39:K41,'METCM (Meteomatics)'!K48:K50,'METCM (Meteomatics)'!K57:K59,'METCM (Meteomatics)'!K66:K68,'METCM (Meteomatics)'!K75:K77,'METCM (Meteomatics)'!K84:K86,'METCM (Meteomatics)'!K93:K95,'METCM (Meteomatics)'!K102:K104,'METCM (Meteomatics)'!K111:K113,'METCM (Meteomatics)'!K120:K122),3) -> 23.586931
G63: 3000 | H63: IQR | I63: =I62-I61 -> 15.998538 | J63: =J62-J61 -> 2.107468
H64: 95% KI - nedre | I64: =I58-_xlfn.CONFIDENCE.T(0.05,I59,I57) -> 65.080679 | J64: =J58-_xlfn.CONFIDENCE.T(0.05,J59,J57) -> 22.017083
H65: 95% KI - øvre | I65: =I58+_xlfn.CONFIDENCE.T(0.05,I59,I57) -> 71.336948 | J65: =J58+_xlfn.CONFIDENCE.T(0.05,J59,J57) -> 23.136209
E66: AA0002 | H66: n (antall) | I66: =COUNT('METCM (Meteomatics)'!J6:J8,'METCM (Meteomatics)'!J15:J17,'METCM (Meteomatics)'!J24:J26,'METCM (Meteomatics)'!J33:J35,'METCM (Meteomatics)'!J42:J44,'METCM (Meteomatics)'!J51:J53,'METCM (Meteomatics)'!J60:J62,'METCM (Meteomatics)'!J69:J71,'METCM (Meteomatics)'!J78:J80,'METCM (Meteomatics)'!J87:J89,'METCM (Meteomatics)'!J96:J98,'METCM (Meteomatics)'!J105:J107,'METCM (Meteomatics)'!J114:J116,'METCM (Meteomatics)'!J123:J125) -> 42 | J66: =COUNT('METCM (Meteomatics)'!K6:K8,'METCM (Meteomatics)'!K15:K17,'METCM (Meteomatics)'!K24:K26,'METCM (Meteomatics)'!K33:K35,'METCM (Meteomatics)'!K42:K44,'METCM (Meteomatics)'!K51:K53,'METCM (Meteomatics)'!K60:K62,'METCM (Meteomatics)'!K69:K71,'METCM (Meteomatics)'!K78:K80,'METCM (Meteomatics)'!K87:K89,'METCM (Meteomatics)'!K96:K98,'METCM (Meteomatics)'!K105:K107,'METCM (Meteomatics)'!K114:K116,'METCM (Meteomatics)'!K123:K125) -> 42
H67: Gjennomsnitt | I67: =AVERAGE('METCM (Meteomatics)'!J6:J8,'METCM (Meteomatics)'!J15:J17,'METCM (Meteomatics)'!J24:J26,'METCM (Meteomatics)'!J33:J35,'METCM (Meteomatics)'!J42:J44,'METCM (Meteomatics)'!J51:J53,'METCM (Meteomatics)'!J60:J62,'METCM (Meteomatics)'!J69:J71,'METCM (Meteomatics)'!J78:J80,'METCM (Meteomatics)'!J87:J89,'METCM (Meteomatics)'!J96:J98,'METCM (Meteomatics)'!J105:J107,'METCM (Meteomatics)'!J114:J116,'METCM (Meteomatics)'!J123:J125) -> 201.55858 | J67: =AVERAGE('METCM (Meteomatics)'!K6:K8,'METCM (Meteomatics)'!K15:K17,'METCM (Meteomatics)'!K24:K26,'METCM (Meteomatics)'!K33:K35,'METCM (Meteomatics)'!K42:K44,'METCM (Meteomatics)'!K51:K53,'METCM (Meteomatics)'!K60:K62,'METCM (Meteomatics)'!K69:K71,'METCM (Meteomatics)'!K78:K80,'METCM (Meteomatics)'!K87:K89,'METCM (Meteomatics)'!K96:K98,'METCM (Meteomatics)'!K105:K107,'METCM (Meteomatics)'!K114:K116,'METCM (Meteomatics)'!K123:K125) -> 38.702433
H68: Standardavvik (utvalg) | I68: =_xlfn.STDEV.S('METCM (Meteomatics)'!J6:J8,'METCM (Meteomatics)'!J15:J17,'METCM (Meteomatics)'!J24:J26,'METCM (Meteomatics)'!J33:J35,'METCM (Meteomatics)'!J42:J44,'METCM (Meteomatics)'!J51:J53,'METCM (Meteomatics)'!J60:J62,'METCM (Meteomatics)'!J69:J71,'METCM (Meteomatics)'!J78:J80,'METCM (Meteomatics)'!J87:J89,'METCM (Meteomatics)'!J96:J98,'METCM (Meteomatics)'!J105:J107,'METCM (Meteomatics)'!J114:J116,'METCM (Meteomatics)'!J123:J125) -> 79.209583 | J68: =_xlfn.STDEV.S('METCM (Meteomatics)'!K6:K8,'METCM (Meteomatics)'!K15:K17,'METCM (Meteomatics)'!K24:K26,'METCM (Meteomatics)'!K33:K35,'METCM (Meteomatics)'!K42:K44,'METCM (Meteomatics)'!K51:K53,'METCM (Meteomatics)'!K60:K62,'METCM (Meteomatics)'!K69:K71,'METCM (Meteomatics)'!K78:K80,'METCM (Meteomatics)'!K87:K89,'METCM (Meteomatics)'!K96:K98,'METCM (Meteomatics)'!K105:K107,'METCM (Meteomatics)'!K114:K116,'METCM (Meteomatics)'!K123:K125) -> 9.2110208
H69: Median | I69: =MEDIAN('METCM (Meteomatics)'!J6:J8,'METCM (Meteomatics)'!J15:J17,'METCM (Meteomatics)'!J24:J26,'METCM (Meteomatics)'!J33:J35,'METCM (Meteomatics)'!J42:J44,'METCM (Meteomatics)'!J51:J53,'METCM (Meteomatics)'!J60:J62,'METCM (Meteomatics)'!J69:J71,'METCM (Meteomatics)'!J78:J80,'METCM (Meteomatics)'!J87:J89,'METCM (Meteomatics)'!J96:J98,'METCM (Meteomatics)'!J105:J107,'METCM (Meteomatics)'!J114:J116,'METCM (Meteomatics)'!J123:J125) -> 184.98112 | J69: =MEDIAN('METCM (Meteomatics)'!K6:K8,'METCM (Meteomatics)'!K15:K17,'METCM (Meteomatics)'!K24:K26,'METCM (Meteomatics)'!K33:K35,'METCM (Meteomatics)'!K42:K44,'METCM (Meteomatics)'!K51:K53,'METCM (Meteomatics)'!K60:K62,'METCM (Meteomatics)'!K69:K71,'METCM (Meteomatics)'!K78:K80,'METCM (Meteomatics)'!K87:K89,'METCM (Meteomatics)'!K96:K98,'METCM (Meteomatics)'!K105:K107,'METCM (Meteomatics)'!K114:K116,'METCM (Meteomatics)'!K123:K125) -> 34.575802
H70: Q1 | I70: =_xlfn.QUARTILE.INC(('METCM (Meteomatics)'!J6:J8,'METCM (Meteomatics)'!J15:J17,'METCM (Meteomatics)'!J24:J26,'METCM (Meteomatics)'!J33:J35,'METCM (Meteomatics)'!J42:J44,'METCM (Meteomatics)'!J51:J53,'METCM (Meteomatics)'!J60:J62,'METCM (Meteomatics)'!J69:J71,'METCM (Meteomatics)'!J78:J80,'METCM (Meteomatics)'!J87:J89,'METCM (Meteomatics)'!J96:J98,'METCM (Meteomatics)'!J105:J107,'METCM (Meteomatics)'!J114:J116,'METCM (Meteomatics)'!J123:J125),1) -> 177.27621 | J70: =_xlfn.QUARTILE.INC(('METCM (Meteomatics)'!K6:K8,'METCM (Meteomatics)'!K15:K17,'METCM (Meteomatics)'!K24:K26,'METCM (Meteomatics)'!K33:K35,'METCM (Meteomatics)'!K42:K44,'METCM (Meteomatics)'!K51:K53,'METCM (Meteomatics)'!K60:K62,'METCM (Meteomatics)'!K69:K71,'METCM (Meteomatics)'!K78:K80,'METCM (Meteomatics)'!K87:K89,'METCM (Meteomatics)'!K96:K98,'METCM (Meteomatics)'!K105:K107,'METCM (Meteomatics)'!K114:K116,'METCM (Meteomatics)'!K123:K125),1) -> 31.79543
H71: Q3 | I71: =_xlfn.QUARTILE.INC(('METCM (Meteomatics)'!J6:J8,'METCM (Meteomatics)'!J15:J17,'METCM (Meteomatics)'!J24:J26,'METCM (Meteomatics)'!J33:J35,'METCM (Meteomatics)'!J42:J44,'METCM (Meteomatics)'!J51:J53,'METCM (Meteomatics)'!J60:J62,'METCM (Meteomatics)'!J69:J71,'METCM (Meteomatics)'!J78:J80,'METCM (Meteomatics)'!J87:J89,'METCM (Meteomatics)'!J96:J98,'METCM (Meteomatics)'!J105:J107,'METCM (Meteomatics)'!J114:J116,'METCM (Meteomatics)'!J123:J125),3) -> 198.76025 | J71: =_xlfn.QUARTILE.INC(('METCM (Meteomatics)'!K6:K8,'METCM (Meteomatics)'!K15:K17,'METCM (Meteomatics)'!K24:K26,'METCM (Meteomatics)'!K33:K35,'METCM (Meteomatics)'!K42:K44,'METCM (Meteomatics)'!K51:K53,'METCM (Meteomatics)'!K60:K62,'METCM (Meteomatics)'!K69:K71,'METCM (Meteomatics)'!K78:K80,'METCM (Meteomatics)'!K87:K89,'METCM (Meteomatics)'!K96:K98,'METCM (Meteomatics)'!K105:K107,'METCM (Meteomatics)'!K114:K116,'METCM (Meteomatics)'!K123:K125),3) -> 45.534014
H72: IQR | I72: =I71-I70 -> 21.484038 | J72: =J71-J70 -> 13.738584
H73: 95% KI - nedre | I73: =I67-_xlfn.CONFIDENCE.T(0.05,I68,I66) -> 176.87513 | J73: =J67-_xlfn.CONFIDENCE.T(0.05,J68,J66) -> 35.832077
H74: 95% KI - øvre | I74: =I67+_xlfn.CONFIDENCE.T(0.05,I68,I66) -> 226.24202 | J74: =J67+_xlfn.CONFIDENCE.T(0.05,J68,J66) -> 41.57279
E75: AA0003 | H75: n (antall) | I75: =COUNT('METCM (Meteomatics)'!J9:J11,'METCM (Meteomatics)'!J18:J20,'METCM (Meteomatics)'!J27:J29,'METCM (Meteomatics)'!J36:J38,'METCM (Meteomatics)'!J45:J47,'METCM (Meteomatics)'!J54:J56,'METCM (Meteomatics)'!J63:J65,'METCM (Meteomatics)'!J72:J74,'METCM (Meteomatics)'!J81:J83,'METCM (Meteomatics)'!J90:J92,'METCM (Meteomatics)'!J99:J101,'METCM (Meteomatics)'!J108:J110,'METCM (Meteomatics)'!J117:J119,'METCM (Meteomatics)'!J126:J128) -> 42 | J75: =COUNT('METCM (Meteomatics)'!K9:K11,'METCM (Meteomatics)'!K18:K20,'METCM (Meteomatics)'!K27:K29,'METCM (Meteomatics)'!K36:K38,'METCM (Meteomatics)'!K45:K47,'METCM (Meteomatics)'!K54:K56,'METCM (Meteomatics)'!K63:K65,'METCM (Meteomatics)'!K72:K74,'METCM (Meteomatics)'!K81:K83,'METCM (Meteomatics)'!K90:K92,'METCM (Meteomatics)'!K99:K101,'METCM (Meteomatics)'!K108:K110,'METCM (Meteomatics)'!K117:K119,'METCM (Meteomatics)'!K126:K128) -> 42
H76: Gjennomsnitt | I76: =AVERAGE('METCM (Meteomatics)'!J9:J11,'METCM (Meteomatics)'!J18:J20,'METCM (Meteomatics)'!J27:J29,'METCM (Meteomatics)'!J36:J38,'METCM (Meteomatics)'!J45:J47,'METCM (Meteomatics)'!J54:J56,'METCM (Meteomatics)'!J63:J65,'METCM (Meteomatics)'!J72:J74,'METCM (Meteomatics)'!J81:J83,'METCM (Meteomatics)'!J90:J92,'METCM (Meteomatics)'!J99:J101,'METCM (Meteomatics)'!J108:J110,'METCM (Meteomatics)'!J117:J119,'METCM (Meteomatics)'!J126:J128) -> 369.62215 | J76: =AVERAGE('METCM (Meteomatics)'!K9:K11,'METCM (Meteomatics)'!K18:K20,'METCM (Meteomatics)'!K27:K29,'METCM (Meteomatics)'!K36:K38,'METCM (Meteomatics)'!K45:K47,'METCM (Meteomatics)'!K54:K56,'METCM (Meteomatics)'!K63:K65,'METCM (Meteomatics)'!K72:K74,'METCM (Meteomatics)'!K81:K83,'METCM (Meteomatics)'!K90:K92,'METCM (Meteomatics)'!K99:K101,'METCM (Meteomatics)'!K108:K110,'METCM (Meteomatics)'!K117:K119,'METCM (Meteomatics)'!K126:K128) -> 48.53767
H77: Standardavvik (utvalg) | I77: =_xlfn.STDEV.S('METCM (Meteomatics)'!J9:J11,'METCM (Meteomatics)'!J18:J20,'METCM (Meteomatics)'!J27:J29,'METCM (Meteomatics)'!J36:J38,'METCM (Meteomatics)'!J45:J47,'METCM (Meteomatics)'!J54:J56,'METCM (Meteomatics)'!J63:J65,'METCM (Meteomatics)'!J72:J74,'METCM (Meteomatics)'!J81:J83,'METCM (Meteomatics)'!J90:J92,'METCM (Meteomatics)'!J99:J101,'METCM (Meteomatics)'!J108:J110,'METCM (Meteomatics)'!J117:J119,'METCM (Meteomatics)'!J126:J128) -> 155.9329 | J77: =_xlfn.STDEV.S('METCM (Meteomatics)'!K9:K11,'METCM (Meteomatics)'!K18:K20,'METCM (Meteomatics)'!K27:K29,'METCM (Meteomatics)'!K36:K38,'METCM (Meteomatics)'!K45:K47,'METCM (Meteomatics)'!K54:K56,'METCM (Meteomatics)'!K63:K65,'METCM (Meteomatics)'!K72:K74,'METCM (Meteomatics)'!K81:K83,'METCM (Meteomatics)'!K90:K92,'METCM (Meteomatics)'!K99:K101,'METCM (Meteomatics)'!K108:K110,'METCM (Meteomatics)'!K117:K119,'METCM (Meteomatics)'!K126:K128) -> 9.895133
H78: Median | I78: =MEDIAN('METCM (Meteomatics)'!J9:J11,'METCM (Meteomatics)'!J18:J20,'METCM (Meteomatics)'!J27:J29,'METCM (Meteomatics)'!J36:J38,'METCM (Meteomatics)'!J45:J47,'METCM (Meteomatics)'!J54:J56,'METCM (Meteomatics)'!J63:J65,'METCM (Meteomatics)'!J72:J74,'METCM (Meteomatics)'!J81:J83,'METCM (Meteomatics)'!J90:J92,'METCM (Meteomatics)'!J99:J101,'METCM (Meteomatics)'!J108:J110,'METCM (Meteomatics)'!J117:J119,'METCM (Meteomatics)'!J126:J128) -> 336.20812 | J78: =MEDIAN('METCM (Meteomatics)'!K9:K11,'METCM (Meteomatics)'!K18:K20,'METCM (Meteomatics)'!K27:K29,'METCM (Meteomatics)'!K36:K38,'METCM (Meteomatics)'!K45:K47,'METCM (Meteomatics)'!K54:K56,'METCM (Meteomatics)'!K63:K65,'METCM (Meteomatics)'!K72:K74,'METCM (Meteomatics)'!K81:K83,'METCM (Meteomatics)'!K90:K92,'METCM (Meteomatics)'!K99:K101,'METCM (Meteomatics)'!K108:K110,'METCM (Meteomatics)'!K117:K119,'METCM (Meteomatics)'!K126:K128) -> 44.373007
H79: Q1 | I79: =_xlfn.QUARTILE.INC(('METCM (Meteomatics)'!J9:J11,'METCM (Meteomatics)'!J18:J20,'METCM (Meteomatics)'!J27:J29,'METCM (Meteomatics)'!J36:J38,'METCM (Meteomatics)'!J45:J47,'METCM (Meteomatics)'!J54:J56,'METCM (Meteomatics)'!J63:J65,'METCM (Meteomatics)'!J72:J74,'METCM (Meteomatics)'!J81:J83,'METCM (Meteomatics)'!J90:J92,'METCM (Meteomatics)'!J99:J101,'METCM (Meteomatics)'!J108:J110,'METCM (Meteomatics)'!J117:J119,'METCM (Meteomatics)'!J126:J128),1) -> 327.12635 | J79: =_xlfn.QUARTILE.INC(('METCM (Meteomatics)'!K9:K11,'METCM (Meteomatics)'!K18:K20,'METCM (Meteomatics)'!K27:K29,'METCM (Meteomatics)'!K36:K38,'METCM (Meteomatics)'!K45:K47,'METCM (Meteomatics)'!K54:K56,'METCM (Meteomatics)'!K63:K65,'METCM (Meteomatics)'!K72:K74,'METCM (Meteomatics)'!K81:K83,'METCM (Meteomatics)'!K90:K92,'METCM (Meteomatics)'!K99:K101,'METCM (Meteomatics)'!K108:K110,'METCM (Meteomatics)'!K117:K119,'METCM (Meteomatics)'!K126:K128),1) -> 40.856943
H80: Q3 | I80: =_xlfn.QUARTILE.INC(('METCM (Meteomatics)'!J9:J11,'METCM (Meteomatics)'!J18:J20,'METCM (Meteomatics)'!J27:J29,'METCM (Meteomatics)'!J36:J38,'METCM (Meteomatics)'!J45:J47,'METCM (Meteomatics)'!J54:J56,'METCM (Meteomatics)'!J63:J65,'METCM (Meteomatics)'!J72:J74,'METCM (Meteomatics)'!J81:J83,'METCM (Meteomatics)'!J90:J92,'METCM (Meteomatics)'!J99:J101,'METCM (Meteomatics)'!J108:J110,'METCM (Meteomatics)'!J117:J119,'METCM (Meteomatics)'!J126:J128),3) -> 350.67123 | J80: =_xlfn.QUARTILE.INC(('METCM (Meteomatics)'!K9:K11,'METCM (Meteomatics)'!K18:K20,'METCM (Meteomatics)'!K27:K29,'METCM (Meteomatics)'!K36:K38,'METCM (Meteomatics)'!K45:K47,'METCM (Meteomatics)'!K54:K56,'METCM (Meteomatics)'!K63:K65,'METCM (Meteomatics)'!K72:K74,'METCM (Meteomatics)'!K81:K83,'METCM (Meteomatics)'!K90:K92,'METCM (Meteomatics)'!K99:K101,'METCM (Meteomatics)'!K108:K110,'METCM (Meteomatics)'!K117:K119,'METCM (Meteomatics)'!K126:K128),3) -> 56.64965
H81: IQR | I81: =I80-I79 -> 23.544884 | J81: =J80-J79 -> 15.792707
H82: 95% KI - nedre | I82: =I76-_xlfn.CONFIDENCE.T(0.05,I77,I75) -> 321.03003 | J82: =J76-_xlfn.CONFIDENCE.T(0.05,J77,J75) -> 45.45413
H83: 95% KI - øvre | I83: =I76+_xlfn.CONFIDENCE.T(0.05,I77,I75) -> 418.21426 | J83: =J76+_xlfn.CONFIDENCE.T(0.05,J77,J75) -> 51.621211
B84: Firing pos. Setermoen | C84: CM pos. Setermoen | D84: METCM (from METGM) | E84: AA0001 | F84: 06-11. MAY 26 | G84: 15990 | H84: n (antall) | I84: =COUNT('METCM (from METGM)'!J3:J5,'METCM (from METGM)'!J12:J14,'METCM (from METGM)'!J21:J23,'METCM (from METGM)'!J30:J32,'METCM (from METGM)'!J39:J41,'METCM (from METGM)'!J48:J50) -> 18 | J84: =COUNT('METCM (from METGM)'!K3:K5,'METCM (from METGM)'!K12:K14,'METCM (from METGM)'!K21:K23,'METCM (from METGM)'!K30:K32,'METCM (from METGM)'!K39:K41,'METCM (from METGM)'!K48:K50) -> 18
H85: Gjennomsnitt | I85: =AVERAGE('METCM (from METGM)'!J3:J5,'METCM (from METGM)'!J12:J14,'METCM (from METGM)'!J21:J23,'METCM (from METGM)'!J30:J32,'METCM (from METGM)'!J39:J41,'METCM (from METGM)'!J48:J50) -> 58.73961 | J85: =AVERAGE('METCM (from METGM)'!K3:K5,'METCM (from METGM)'!K12:K14,'METCM (from METGM)'!K21:K23,'METCM (from METGM)'!K30:K32,'METCM (from METGM)'!K39:K41,'METCM (from METGM)'!K48:K50) -> 21.360828
H86: Standardavvik (utvalg) | I86: =_xlfn.STDEV.S('METCM (from METGM)'!J3:J5,'METCM (from METGM)'!J12:J14,'METCM (from METGM)'!J21:J23,'METCM (from METGM)'!J30:J32,'METCM (from METGM)'!J39:J41,'METCM (from METGM)'!J48:J50) -> 4.3713526 | J86: =_xlfn.STDEV.S('METCM (from METGM)'!K3:K5,'METCM (from METGM)'!K12:K14,'METCM (from METGM)'!K21:K23,'METCM (from METGM)'!K30:K32,'METCM (from METGM)'!K39:K41,'METCM (from METGM)'!K48:K50) -> 0.52502417
H87: Median | I87: =MEDIAN('METCM (from METGM)'!J3:J5,'METCM (from METGM)'!J12:J14,'METCM (from METGM)'!J21:J23,'METCM (from METGM)'!J30:J32,'METCM (from METGM)'!J39:J41,'METCM (from METGM)'!J48:J50) -> 59.587566 | J87: =MEDIAN('METCM (from METGM)'!K3:K5,'METCM (from METGM)'!K12:K14,'METCM (from METGM)'!K21:K23,'METCM (from METGM)'!K30:K32,'METCM (from METGM)'!K39:K41,'METCM (from METGM)'!K48:K50) -> 21.243491
H88: Q1 | I88: =_xlfn.QUARTILE.INC(('METCM (from METGM)'!J3:J5,'METCM (from METGM)'!J12:J14,'METCM (from METGM)'!J21:J23,'METCM (from METGM)'!J30:J32,'METCM (from METGM)'!J39:J41,'METCM (from METGM)'!J48:J50),1) -> 58.333552 | J88: =_xlfn.QUARTILE.INC(('METCM (from METGM)'!K3:K5,'METCM (from METGM)'!K12:K14,'METCM (from METGM)'!K21:K23,'METCM (from METGM)'!K30:K32,'METCM (from METGM)'!K39:K41,'METCM (from METGM)'!K48:K50),1) -> 20.911625
H89: Q3 | I89: =_xlfn.QUARTILE.INC(('METCM (from METGM)'!J3:J5,'METCM (from METGM)'!J12:J14,'METCM (from METGM)'!J21:J23,'METCM (from METGM)'!J30:J32,'METCM (from METGM)'!J39:J41,'METCM (from METGM)'!J48:J50),3) -> 61.413758 | J89: =_xlfn.QUARTILE.INC(('METCM (from METGM)'!K3:K5,'METCM (from METGM)'!K12:K14,'METCM (from METGM)'!K21:K23,'METCM (from METGM)'!K30:K32,'METCM (from METGM)'!K39:K41,'METCM (from METGM)'!K48:K50),3) -> 21.915696
G90: 3000 | H90: IQR | I90: =I89-I88 -> 3.0802055 | J90: =J89-J88 -> 1.0040712
H91: 95% KI - nedre | I91: =I85-_xlfn.CONFIDENCE.T(0.05,I86,I84) -> 56.565787 | J91: =J85-_xlfn.CONFIDENCE.T(0.05,J86,J84) -> 21.09974
H92: 95% KI - øvre | I92: =I85+_xlfn.CONFIDENCE.T(0.05,I86,I84) -> 60.913432 | J92: =J85+_xlfn.CONFIDENCE.T(0.05,J86,J84) -> 21.621916
E93: AA0002 | H93: n (antall) | I93: =COUNT('METCM (from METGM)'!J6:J8,'METCM (from METGM)'!J15:J17,'METCM (from METGM)'!J24:J26,'METCM (from METGM)'!J33:J35,'METCM (from METGM)'!J42:J44,'METCM (from METGM)'!J51:J53) -> 18 | J93: =COUNT('METCM (from METGM)'!K6:K8,'METCM (from METGM)'!K15:K17,'METCM (from METGM)'!K24:K26,'METCM (from METGM)'!K33:K35,'METCM (from METGM)'!K42:K44,'METCM (from METGM)'!K51:K53) -> 18
H94: Gjennomsnitt | I94: =AVERAGE('METCM (from METGM)'!J6:J8,'METCM (from METGM)'!J15:J17,'METCM (from METGM)'!J24:J26,'METCM (from METGM)'!J33:J35,'METCM (from METGM)'!J42:J44,'METCM (from METGM)'!J51:J53) -> 171.18485 | J94: =AVERAGE('METCM (from METGM)'!K6:K8,'METCM (from METGM)'!K15:K17,'METCM (from METGM)'!K24:K26,'METCM (from METGM)'!K33:K35,'METCM (from METGM)'!K42:K44,'METCM (from METGM)'!K51:K53) -> 34.313076
H95: Standardavvik (utvalg) | I95: =_xlfn.STDEV.S('METCM (from METGM)'!J6:J8,'METCM (from METGM)'!J15:J17,'METCM (from METGM)'!J24:J26,'METCM (from METGM)'!J33:J35,'METCM (from METGM)'!J42:J44,'METCM (from METGM)'!J51:J53) -> 36.710165 | J95: =_xlfn.STDEV.S('METCM (from METGM)'!K6:K8,'METCM (from METGM)'!K15:K17,'METCM (from METGM)'!K24:K26,'METCM (from METGM)'!K33:K35,'METCM (from METGM)'!K42:K44,'METCM (from METGM)'!K51:K53) -> 4.2233207
H96: Median | I96: =MEDIAN('METCM (from METGM)'!J6:J8,'METCM (from METGM)'!J15:J17,'METCM (from METGM)'!J24:J26,'METCM (from METGM)'!J33:J35,'METCM (from METGM)'!J42:J44,'METCM (from METGM)'!J51:J53) -> 181.83389 | J96: =MEDIAN('METCM (from METGM)'!K6:K8,'METCM (from METGM)'!K15:K17,'METCM (from METGM)'!K24:K26,'METCM (from METGM)'!K33:K35,'METCM (from METGM)'!K42:K44,'METCM (from METGM)'!K51:K53) -> 34.58089
H97: Q1 | I97: =_xlfn.QUARTILE.INC(('METCM (from METGM)'!J6:J8,'METCM (from METGM)'!J15:J17,'METCM (from METGM)'!J24:J26,'METCM (from METGM)'!J33:J35,'METCM (from METGM)'!J42:J44,'METCM (from METGM)'!J51:J53),1) -> 178.79708 | J97: =_xlfn.QUARTILE.INC(('METCM (from METGM)'!K6:K8,'METCM (from METGM)'!K15:K17,'METCM (from METGM)'!K24:K26,'METCM (from METGM)'!K33:K35,'METCM (from METGM)'!K42:K44,'METCM (from METGM)'!K51:K53),1) -> 30.961313
H98: Q3 | I98: =_xlfn.QUARTILE.INC(('METCM (from METGM)'!J6:J8,'METCM (from METGM)'!J15:J17,'METCM (from METGM)'!J24:J26,'METCM (from METGM)'!J33:J35,'METCM (from METGM)'!J42:J44,'METCM (from METGM)'!J51:J53),3) -> 185.3452 | J98: =_xlfn.QUARTILE.INC(('METCM (from METGM)'!K6:K8,'METCM (from METGM)'!K15:K17,'METCM (from METGM)'!K24:K26,'METCM (from METGM)'!K33:K35,'METCM (from METGM)'!K42:K44,'METCM (from METGM)'!K51:K53),3) -> 38.519876
H99: IQR | I99: =I98-I97 -> 6.548128 | J99: =J98-J97 -> 7.558563
H100: 95% KI - nedre | I100: =I94-_xlfn.CONFIDENCE.T(0.05,I95,I93) -> 152.92931 | J100: =J94-_xlfn.CONFIDENCE.T(0.05,J95,J93) -> 32.212868
...

Sheet Statistikk-tidsbasert
A1: Test ID | B1: Firing pos. | C1: Weather pos. | D1: Weather format | E1: Target name | F1: Fire DTG | G1: Measured alt. | H1: Type of stat. | I1: missdistance 30 min | K1: missdistance 1 t | M1: missdistance 3 t
I2: range | J2: cross | K2: range | L2: cross | M2: range | N2: cross
B3: Firing pos. Harstad | C3: CM pos. Harstad | D3: METCM | E3: AA0001 | F3: 231300Z FEB 26 | G3: 6000 | H3: n (antall) | I3: =COUNT('METCM (Meteomatics)'!J165) -> 1 | J3: =COUNT('METCM (Meteomatics)'!K165) -> 1 | K3: =COUNT('METCM (Meteomatics)'!J166) -> 1 | L3: =COUNT('METCM (Meteomatics)'!K166) -> 1 | M3: =COUNT('METCM (Meteomatics)'!J168) -> 1 | N3: =COUNT('METCM (Meteomatics)'!K168) -> 1
H4: Gjennomsnitt | I4: =AVERAGE('METCM (Meteomatics)'!J165) -> 244.42185 | J4: =AVERAGE('METCM (Meteomatics)'!K165) -> 34.989025 | K4: =AVERAGE('METCM (Meteomatics)'!J166) -> 246.60966 | L4: =AVERAGE('METCM (Meteomatics)'!K166) -> 35.038342 | M4: =AVERAGE('METCM (Meteomatics)'!J168) -> 255.17105 | N4: =AVERAGE('METCM (Meteomatics)'!K168) -> 35.231962
H5: Standardavvik (utvalg) | I5: =_xlfn.STDEV.S('METCM (Meteomatics)'!J165) -> #DIV/0! | J5: =_xlfn.STDEV.S('METCM (Meteomatics)'!K165) -> #DIV/0! | K5: =_xlfn.STDEV.S('METCM (Meteomatics)'!J166) -> #DIV/0! | L5: =_xlfn.STDEV.S('METCM (Meteomatics)'!K166) -> #DIV/0! | M5: =_xlfn.STDEV.S('METCM (Meteomatics)'!J168) -> #DIV/0! | N5: =_xlfn.STDEV.S('METCM (Meteomatics)'!K168) -> #DIV/0!
H6: Median | I6: =MEDIAN('METCM (Meteomatics)'!J165) -> 244.42185 | J6: =MEDIAN('METCM (Meteomatics)'!K165) -> 34.989025 | K6: =MEDIAN('METCM (Meteomatics)'!J166) -> 246.60966 | L6: =MEDIAN('METCM (Meteomatics)'!K166) -> 35.038342 | M6: =MEDIAN('METCM (Meteomatics)'!J168) -> 255.17105 | N6: =MEDIAN('METCM (Meteomatics)'!K168) -> 35.231962
H7: Q1 | I7: =_xlfn.QUARTILE.INC(('METCM (Meteomatics)'!J165),1) -> 244.42185 | J7: =_xlfn.QUARTILE.INC(('METCM (Meteomatics)'!K165),1) -> 34.989025 | K7: =_xlfn.QUARTILE.INC(('METCM (Meteomatics)'!J166),1) -> 246.60966 | L7: =_xlfn.QUARTILE.INC(('METCM (Meteomatics)'!K166),1) -> 35.038342 | M7: =_xlfn.QUARTILE.INC(('METCM (Meteomatics)'!J168),1) -> 255.17105 | N7: =_xlfn.QUARTILE.INC(('METCM (Meteomatics)'!K168),1) -> 35.231962
H8: Q3 | I8: =_xlfn.QUARTILE.INC(('METCM (Meteomatics)'!J165),3) -> 244.42185 | J8: =_xlfn.QUARTILE.INC(('METCM (Meteomatics)'!K165),3) -> 34.989025 | K8: =_xlfn.QUARTILE.INC(('METCM (Meteomatics)'!J166),3) -> 246.60966 | L8: =_xlfn.QUARTILE.INC(('METCM (Meteomatics)'!K166),3) -> 35.038342 | M8: =_xlfn.QUARTILE.INC(('METCM (Meteomatics)'!J168),3) -> 255.17105 | N8: =_xlfn.QUARTILE.INC(('METCM (Meteomatics)'!K168),3) -> 35.231962
H9: IQR | I9: =I8-I7 -> 0 | J9: =J8-J7 -> 0 | K9: =K8-K7 -> 0 | L9: =L8-L7 -> 0 | M9: =M8-M7 -> 0 | N9: =N8-N7 -> 0
H10: 95% KI - nedre | I10: =I4-_xlfn.CONFIDENCE.T(0.05,I5,I3) -> #DIV/0! | J10: =J4-_xlfn.CONFIDENCE.T(0.05,J5,J3) -> #DIV/0! | K10: =K4-_xlfn.CONFIDENCE.T(0.05,K5,K3) -> #DIV/0! | L10: =L4-_xlfn.CONFIDENCE.T(0.05,L5,L3) -> #DIV/0! | M10: =M4-_xlfn.CONFIDENCE.T(0.05,M5,M3) -> #DIV/0! | N10: =N4-_xlfn.CONFIDENCE.T(0.05,N5,N3) -> #DIV/0!
H11: 95% KI - øvre | I11: =I4+_xlfn.CONFIDENCE.T(0.05,I5,I3) -> #DIV/0! | J11: =J4+_xlfn.CONFIDENCE.T(0.05,J5,J3) -> #DIV/0! | K11: =K4+_xlfn.CONFIDENCE.T(0.05,K5,K3) -> #DIV/0! | L11: =L4+_xlfn.CONFIDENCE.T(0.05,L5,L3) -> #DIV/0! | M11: =M4+_xlfn.CONFIDENCE.T(0.05,M5,M3) -> #DIV/0! | N11: =N4+_xlfn.CONFIDENCE.T(0.05,N5,N3) -> #DIV/0!
E12: AA0002 | H12: n (antall) | I12: =COUNT('METCM (Meteomatics)'!J170) -> 1 | J12: =COUNT('METCM (Meteomatics)'!K170) -> 1 | K12: =COUNT('METCM (Meteomatics)'!J171) -> 1 | L12: =COUNT('METCM (Meteomatics)'!K171) -> 1 | M12: =COUNT('METCM (Meteomatics)'!J173) -> 1 | N12: =COUNT('METCM (Meteomatics)'!K173) -> 1
H13: Gjennomsnitt | I13: =AVERAGE('METCM (Meteomatics)'!J170) -> 249.43308 | J13: =AVERAGE('METCM (Meteomatics)'!K170) -> 37.207127 | K13: =AVERAGE('METCM (Meteomatics)'!J171) -> 251.67017 | L13: =AVERAGE('METCM (Meteomatics)'!K171) -> 37.273779 | M13: =AVERAGE('METCM (Meteomatics)'!J173) -> 260.42424 | N13: =AVERAGE('METCM (Meteomatics)'!K173) -> 37.535212
H14: Standardavvik (utvalg) | I14: =_xlfn.STDEV.S('METCM (Meteomatics)'!J170) -> #DIV/0! | J14: =_xlfn.STDEV.S('METCM (Meteomatics)'!K170) -> #DIV/0! | K14: =_xlfn.STDEV.S('METCM (Meteomatics)'!J171) -> #DIV/0! | L14: =_xlfn.STDEV.S('METCM (Meteomatics)'!K171) -> #DIV/0! | M14: =_xlfn.STDEV.S('METCM (Meteomatics)'!J173) -> #DIV/0! | N14: =_xlfn.STDEV.S('METCM (Meteomatics)'!K173) -> #DIV/0!
H15: Median | I15: =MEDIAN('METCM (Meteomatics)'!J170) -> 249.43308 | J15: =MEDIAN('METCM (Meteomatics)'!K170) -> 37.207127 | K15: =MEDIAN('METCM (Meteomatics)'!J171) -> 251.67017 | L15: =MEDIAN('METCM (Meteomatics)'!K171) -> 37.273779 | M15: =MEDIAN('METCM (Meteomatics)'!J173) -> 260.42424 | N15: =MEDIAN('METCM (Meteomatics)'!K173) -> 37.535212
H16: Q1 | I16: =_xlfn.QUARTILE.INC(('METCM (Meteomatics)'!J170),1) -> 249.43308 | J16: =_xlfn.QUARTILE.INC(('METCM (Meteomatics)'!K170),1) -> 37.207127 | K16: =_xlfn.QUARTILE.INC(('METCM (Meteomatics)'!J171),1) -> 251.67017 | L16: =_xlfn.QUARTILE.INC(('METCM (Meteomatics)'!K171),1) -> 37.273779 | M16: =_xlfn.QUARTILE.INC(('METCM (Meteomatics)'!J173),1) -> 260.42424 | N16: =_xlfn.QUARTILE.INC(('METCM (Meteomatics)'!K173),1) -> 37.535212
H17: Q3 | I17: =_xlfn.QUARTILE.INC(('METCM (Meteomatics)'!J170),3) -> 249.43308 | J17: =_xlfn.QUARTILE.INC(('METCM (Meteomatics)'!K170),3) -> 37.207127 | K17: =_xlfn.QUARTILE.INC(('METCM (Meteomatics)'!J171),3) -> 251.67017 | L17: =_xlfn.QUARTILE.INC(('METCM (Meteomatics)'!K171),3) -> 37.273779 | M17: =_xlfn.QUARTILE.INC(('METCM (Meteomatics)'!J173),3) -> 260.42424 | N17: =_xlfn.QUARTILE.INC(('METCM (Meteomatics)'!K173),3) -> 37.535212
H18: IQR | I18: =I17-I16 -> 0 | J18: =J17-J16 -> 0 | K18: =K17-K16 -> 0 | L18: =L17-L16 -> 0 | M18: =M17-M16 -> 0 | N18: =N17-N16 -> 0
H19: 95% KI - nedre | I19: =I13-_xlfn.CONFIDENCE.T(0.05,I14,I12) -> #DIV/0! | J19: =J13-_xlfn.CONFIDENCE.T(0.05,J14,J12) -> #DIV/0! | K19: =K13-_xlfn.CONFIDENCE.T(0.05,K14,K12) -> #DIV/0! | L19: =L13-_xlfn.CONFIDENCE.T(0.05,L14,L12) -> #DIV/0! | M19: =M13-_xlfn.CONFIDENCE.T(0.05,M14,M12) -> #DIV/0! | N19: =N13-_xlfn.CONFIDENCE.T(0.05,N14,N12) -> #DIV/0!
H20: 95% KI - øvre | I20: =I13+_xlfn.CONFIDENCE.T(0.05,I14,I12) -> #DIV/0! | J20: =J13+_xlfn.CONFIDENCE.T(0.05,J14,J12) -> #DIV/0! | K20: =K13+_xlfn.CONFIDENCE.T(0.05,K14,K12) -> #DIV/0! | L20: =L13+_xlfn.CONFIDENCE.T(0.05,L14,L12) -> #DIV/0! | M20: =M13+_xlfn.CONFIDENCE.T(0.05,M14,M12) -> #DIV/0! | N20: =N13+_xlfn.CONFIDENCE.T(0.05,N14,N12) -> #DIV/0!
E21: AA0003 | H21: n (antall) | I21: =COUNT('METCM (Meteomatics)'!J175) -> 1 | J21: =COUNT('METCM (Meteomatics)'!K175) -> 1 | K21: =COUNT('METCM (Meteomatics)'!J171) -> 1 | L21: =COUNT('METCM (Meteomatics)'!K171) -> 1 | M21: =COUNT('METCM (Meteomatics)'!J178) -> 1 | N21: =COUNT('METCM (Meteomatics)'!K178) -> 1
H22: Gjennomsnitt | I22: =AVERAGE('METCM (Meteomatics)'!J175) -> 269.05438 | J22: =AVERAGE('METCM (Meteomatics)'!K175) -> 36.587892 | K22: =AVERAGE('METCM (Meteomatics)'!J171) -> 251.67017 | L22: =AVERAGE('METCM (Meteomatics)'!K171) -> 37.273779 | M22: =AVERAGE('METCM (Meteomatics)'!J178) -> 280.92532 | N22: =AVERAGE('METCM (Meteomatics)'!K178) -> 36.845505
H23: Standardavvik (utvalg) | I23: =_xlfn.STDEV.S('METCM (Meteomatics)'!J175) -> #DIV/0! | J23: =_xlfn.STDEV.S('METCM (Meteomatics)'!K175) -> #DIV/0! | K23: =_xlfn.STDEV.S('METCM (Meteomatics)'!J171) -> #DIV/0! | L23: =_xlfn.STDEV.S('METCM (Meteomatics)'!K171) -> #DIV/0! | M23: =_xlfn.STDEV.S('METCM (Meteomatics)'!J178) -> #DIV/0! | N23: =_xlfn.STDEV.S('METCM (Meteomatics)'!K178) -> #DIV/0!
H24: Median | I24: =MEDIAN('METCM (Meteomatics)'!J175) -> 269.05438 | J24: =MEDIAN('METCM (Meteomatics)'!K175) -> 36.587892 | K24: =MEDIAN('METCM (Meteomatics)'!J171) -> 251.67017 | L24: =MEDIAN('METCM (Meteomatics)'!K171) -> 37.273779 | M24: =MEDIAN('METCM (Meteomatics)'!J178) -> 280.92532 | N24: =MEDIAN('METCM (Meteomatics)'!K178) -> 36.845505
H25: Q1 | I25: =_xlfn.QUARTILE.INC(('METCM (Meteomatics)'!J175),1) -> 269.05438 | J25: =_xlfn.QUARTILE.INC(('METCM (Meteomatics)'!K175),1) -> 36.587892 | K25: =_xlfn.QUARTILE.INC(('METCM (Meteomatics)'!J171),1) -> 251.67017 | L25: =_xlfn.QUARTILE.INC(('METCM (Meteomatics)'!K171),1) -> 37.273779 | M25: =_xlfn.QUARTILE.INC(('METCM (Meteomatics)'!J178),1) -> 280.92532 | N25: =_xlfn.QUARTILE.INC(('METCM (Meteomatics)'!K178),1) -> 36.845505
H26: Q3 | I26: =_xlfn.QUARTILE.INC(('METCM (Meteomatics)'!J175),3) -> 269.05438 | J26: =_xlfn.QUARTILE.INC(('METCM (Meteomatics)'!K175),3) -> 36.587892 | K26: =_xlfn.QUARTILE.INC(('METCM (Meteomatics)'!J171),3) -> 251.67017 | L26: =_xlfn.QUARTILE.INC(('METCM (Meteomatics)'!K171),3) -> 37.273779 | M26: =_xlfn.QUARTILE.INC(('METCM (Meteomatics)'!J178),3) -> 280.92532 | N26: =_xlfn.QUARTILE.INC(('METCM (Meteomatics)'!K178),3) -> 36.845505
H27: IQR | I27: =I26-I25 -> 0 | J27: =J26-J25 -> 0 | K27: =K26-K25 -> 0 | L27: =L26-L25 -> 0 | M27: =M26-M25 -> 0 | N27: =N26-N25 -> 0
H28: 95% KI - nedre | I28: =I22-_xlfn.CONFIDENCE.T(0.05,I23,I21) -> #DIV/0! | J28: =J22-_xlfn.CONFIDENCE.T(0.05,J23,J21) -> #DIV/0! | K28: =K22-_xlfn.CONFIDENCE.T(0.05,K23,K21) -> #DIV/0! | L28: =L22-_xlfn.CONFIDENCE.T(0.05,L23,L21) -> #DIV/0! | M28: =M22-_xlfn.CONFIDENCE.T(0.05,M23,M21) -> #DIV/0! | N28: =N22-_xlfn.CONFIDENCE.T(0.05,N23,N21) -> #DIV/0!
H29: 95% KI - øvre | I29: =I22+_xlfn.CONFIDENCE.T(0.05,I23,I21) -> #DIV/0! | J29: =J22+_xlfn.CONFIDENCE.T(0.05,J23,J21) -> #DIV/0! | K29: =K22+_xlfn.CONFIDENCE.T(0.05,K23,K21) -> #DIV/0! | L29: =L22+_xlfn.CONFIDENCE.T(0.05,L23,L21) -> #DIV/0! | M29: =M22+_xlfn.CONFIDENCE.T(0.05,M23,M21) -> #DIV/0! | N29: =N22+_xlfn.CONFIDENCE.T(0.05,N23,N21) -> #DIV/0!
B30: Firing pos. Andøya | C30: CM pos. Andøya | D30: METCM | E30: AA0001 | F30: 09-23. APR 26 | G30: 5000 | H30: n (antall) | I30: =COUNT('METCM (Meteomatics)'!J129,'METCM (Meteomatics)'!J138,'METCM (Meteomatics)'!J147,'METCM (Meteomatics)'!J156) -> 4 | J30: =COUNT('METCM (Meteomatics)'!K129,'METCM (Meteomatics)'!K138,'METCM (Meteomatics)'!K147,'METCM (Meteomatics)'!K156) -> 4 | K30: =COUNT('METCM (Meteomatics)'!J130,'METCM (Meteomatics)'!J139,'METCM (Meteomatics)'!J148,'METCM (Meteomatics)'!J157) -> 4 | L30: =COUNT('METCM (Meteomatics)'!K130,'METCM (Meteomatics)'!K139,'METCM (Meteomatics)'!K148,'METCM (Meteomatics)'!K157) -> 4 | M30: =COUNT('METCM (Meteomatics)'!J131,'METCM (Meteomatics)'!J140,'METCM (Meteomatics)'!J149,'METCM (Meteomatics)'!J158) -> 4 | N30: =COUNT('METCM (Meteomatics)'!K131,'METCM (Meteomatics)'!K140,'METCM (Meteomatics)'!K149,'METCM (Meteomatics)'!K158) -> 4
H31: Gjennomsnitt | I31: =AVERAGE('METCM (Meteomatics)'!J129,'METCM (Meteomatics)'!J138,'METCM (Meteomatics)'!J147,'METCM (Meteomatics)'!J156) -> 64.062204 | J31: =AVERAGE('METCM (Meteomatics)'!K129,'METCM (Meteomatics)'!K138,'METCM (Meteomatics)'!K147,'METCM (Meteomatics)'!K156) -> 20.733349 | K31: =AVERAGE('METCM (Meteomatics)'!J130,'METCM (Meteomatics)'!J139,'METCM (Meteomatics)'!J148,'METCM (Meteomatics)'!J157) -> 65.105205 | L31: =AVERAGE('METCM (Meteomatics)'!K130,'METCM (Meteomatics)'!K139,'METCM (Meteomatics)'!K148,'METCM (Meteomatics)'!K157) -> 20.737189 | M31: =AVERAGE('METCM (Meteomatics)'!J131,'METCM (Meteomatics)'!J140,'METCM (Meteomatics)'!J149,'METCM (Meteomatics)'!J158) -> 68.310087 | N31: =AVERAGE('METCM (Meteomatics)'!K131,'METCM (Meteomatics)'!K140,'METCM (Meteomatics)'!K149,'METCM (Meteomatics)'!K158) -> 20.74964
H32: Standardavvik (utvalg) | I32: =_xlfn.STDEV.S('METCM (Meteomatics)'!J129,'METCM (Meteomatics)'!J138,'METCM (Meteomatics)'!J147,'METCM (Meteomatics)'!J156) -> 21.755507 | J32: =_xlfn.STDEV.S('METCM (Meteomatics)'!K129,'METCM (Meteomatics)'!K138,'METCM (Meteomatics)'!K147,'METCM (Meteomatics)'!K156) -> 0.14524618 | K32: =_xlfn.STDEV.S('METCM (Meteomatics)'!J130,'METCM (Meteomatics)'!J139,'METCM (Meteomatics)'!J148,'METCM (Meteomatics)'!J157) -> 21.084428 | L32: =_xlfn.STDEV.S('METCM (Meteomatics)'!K130,'METCM (Meteomatics)'!K139,'METCM (Meteomatics)'!K148,'METCM (Meteomatics)'!K157) -> 0.14281812 | M32: =_xlfn.STDEV.S('METCM (Meteomatics)'!J131,'METCM (Meteomatics)'!J140,'METCM (Meteomatics)'!J149,'METCM (Meteomatics)'!J158) -> 19.289937 | N32: =_xlfn.STDEV.S('METCM (Meteomatics)'!K131,'METCM (Meteomatics)'!K140,'METCM (Meteomatics)'!K149,'METCM (Meteomatics)'!K158) -> 0.13574038
H33: Median | I33: =MEDIAN('METCM (Meteomatics)'!J129,'METCM (Meteomatics)'!J138,'METCM (Meteomatics)'!J147,'METCM (Meteomatics)'!J156) -> 54.298051 | J33: =MEDIAN('METCM (Meteomatics)'!K129,'METCM (Meteomatics)'!K138,'METCM (Meteomatics)'!K147,'METCM (Meteomatics)'!K156) -> 20.676596 | K33: =MEDIAN('METCM (Meteomatics)'!J130,'METCM (Meteomatics)'!J139,'METCM (Meteomatics)'!J148,'METCM (Meteomatics)'!J157) -> 55.187722 | L33: =MEDIAN('METCM (Meteomatics)'!K130,'METCM (Meteomatics)'!K139,'METCM (Meteomatics)'!K148,'METCM (Meteomatics)'!K157) -> 20.680176 | M33: =MEDIAN('METCM (Meteomatics)'!J131,'METCM (Meteomatics)'!J140,'METCM (Meteomatics)'!J149,'METCM (Meteomatics)'!J158) -> 59.084114 | N33: =MEDIAN('METCM (Meteomatics)'!K131,'METCM (Meteomatics)'!K140,'METCM (Meteomatics)'!K149,'METCM (Meteomatics)'!K158) -> 20.693234
H34: Q1 | I34: =_xlfn.QUARTILE.INC(('METCM (Meteomatics)'!J129,'METCM (Meteomatics)'!J138,'METCM (Meteomatics)'!J147,'METCM (Meteomatics)'!J156),1) -> 51.744757 | J34: =_xlfn.QUARTILE.INC(('METCM (Meteomatics)'!K129,'METCM (Meteomatics)'!K138,'METCM (Meteomatics)'!K147,'METCM (Meteomatics)'!K156),1) -> 20.638861 | K34: =_xlfn.QUARTILE.INC(('METCM (Meteomatics)'!J130,'METCM (Meteomatics)'!J139,'METCM (Meteomatics)'!J148,'METCM (Meteomatics)'!J157),1) -> 53.459353 | L34: =_xlfn.QUARTILE.INC(('METCM (Meteomatics)'!K130,'METCM (Meteomatics)'!K139,'METCM (Meteomatics)'!K148,'METCM (Meteomatics)'!K157),1) -> 20.644764 | M34: =_xlfn.QUARTILE.INC(('METCM (Meteomatics)'!J131,'METCM (Meteomatics)'!J140,'METCM (Meteomatics)'!J149,'METCM (Meteomatics)'!J158),1) -> 58.213812 | N34: =_xlfn.QUARTILE.INC(('METCM (Meteomatics)'!K131,'METCM (Meteomatics)'!K140,'METCM (Meteomatics)'!K149,'METCM (Meteomatics)'!K158),1) -> 20.664321
H35: Q3 | I35: =_xlfn.QUARTILE.INC(('METCM (Meteomatics)'!J129,'METCM (Meteomatics)'!J138,'METCM (Meteomatics)'!J147,'METCM (Meteomatics)'!J156),3) -> 66.615499 | J35: =_xlfn.QUARTILE.INC(('METCM (Meteomatics)'!K129,'METCM (Meteomatics)'!K138,'METCM (Meteomatics)'!K147,'METCM (Meteomatics)'!K156),3) -> 20.771083 | K35: =_xlfn.QUARTILE.INC(('METCM (Meteomatics)'!J130,'METCM (Meteomatics)'!J139,'METCM (Meteomatics)'!J148,'METCM (Meteomatics)'!J157),3) -> 66.833575 | L35: =_xlfn.QUARTILE.INC(('METCM (Meteomatics)'!K130,'METCM (Meteomatics)'!K139,'METCM (Meteomatics)'!K148,'METCM (Meteomatics)'!K157),3) -> 20.772601 | M35: =_xlfn.QUARTILE.INC(('METCM (Meteomatics)'!J131,'METCM (Meteomatics)'!J140,'METCM (Meteomatics)'!J149,'METCM (Meteomatics)'!J158),3) -> 69.180389 | N35: =_xlfn.QUARTILE.INC(('METCM (Meteomatics)'!K131,'METCM (Meteomatics)'!K140,'METCM (Meteomatics)'!K149,'METCM (Meteomatics)'!K158),3) -> 20.778553
H36: IQR | I36: =I35-I34 -> 14.870742 | J36: =J35-J34 -> 0.13222175 | K36: =K35-K34 -> 13.374222 | L36: =L35-L34 -> 0.127837 | M36: =M35-M34 -> 10.966577 | N36: =N35-N34 -> 0.11423175
H37: 95% KI - nedre | I37: =I31-_xlfn.CONFIDENCE.T(0.05,I32,I30) -> 29.444337 | J37: =J31-_xlfn.CONFIDENCE.T(0.05,J32,J30) -> 20.50223 | K37: =K31-_xlfn.CONFIDENCE.T(0.05,K32,K30) -> 31.555175 | L37: =L31-_xlfn.CONFIDENCE.T(0.05,L32,L30) -> 20.509934 | M37: =M31-_xlfn.CONFIDENCE.T(0.05,M32,M30) -> 37.615492 | N37: =N31-_xlfn.CONFIDENCE.T(0.05,N32,N30) -> 20.533647
G38: 3000 | H38: 95% KI - øvre | I38: =I31+_xlfn.CONFIDENCE.T(0.05,I32,I30) -> 98.680071 | J38: =J31+_xlfn.CONFIDENCE.T(0.05,J32,J30) -> 20.964468 | K38: =K31+_xlfn.CONFIDENCE.T(0.05,K32,K30) -> 98.655235 | L38: =L31+_xlfn.CONFIDENCE.T(0.05,L32,L30) -> 20.964444 | M38: =M31+_xlfn.CONFIDENCE.T(0.05,M32,M30) -> 99.004682 | N38: =N31+_xlfn.CONFIDENCE.T(0.05,N32,N30) -> 20.965633
E39: AA0002 | H39: n (antall) | I39: =COUNT('METCM (Meteomatics)'!J132,'METCM (Meteomatics)'!J141,'METCM (Meteomatics)'!J150,'METCM (Meteomatics)'!J159) -> 4 | J39: =COUNT('METCM (Meteomatics)'!K132,'METCM (Meteomatics)'!K141,'METCM (Meteomatics)'!K150,'METCM (Meteomatics)'!K159) -> 4 | K39: =COUNT('METCM (Meteomatics)'!J133,'METCM (Meteomatics)'!J142,'METCM (Meteomatics)'!J151,'METCM (Meteomatics)'!J160) -> 4 | L39: =COUNT('METCM (Meteomatics)'!K133,'METCM (Meteomatics)'!K142,'METCM (Meteomatics)'!K151,'METCM (Meteomatics)'!K160) -> 4 | M39: =COUNT('METCM (Meteomatics)'!J134,'METCM (Meteomatics)'!J143,'METCM (Meteomatics)'!J152,'METCM (Meteomatics)'!J161) -> 4 | N39: =COUNT('METCM (Meteomatics)'!K134,'METCM (Meteomatics)'!K143,'METCM (Meteomatics)'!K152,'METCM (Meteomatics)'!K161) -> 4
H40: Gjennomsnitt | I40: =AVERAGE('METCM (Meteomatics)'!J132,'METCM (Meteomatics)'!J141,'METCM (Meteomatics)'!J150,'METCM (Meteomatics)'!J159) -> 182.55671 | J40: =AVERAGE('METCM (Meteomatics)'!K132,'METCM (Meteomatics)'!K141,'METCM (Meteomatics)'!K150,'METCM (Meteomatics)'!K159) -> 28.084126 | K40: =AVERAGE('METCM (Meteomatics)'!J133,'METCM (Meteomatics)'!J142,'METCM (Meteomatics)'!J151,'METCM (Meteomatics)'!J160) -> 187.33712 | L40: =AVERAGE('METCM (Meteomatics)'!K133,'METCM (Meteomatics)'!K142,'METCM (Meteomatics)'!K151,'METCM (Meteomatics)'!K160) -> 28.118152 | M40: =AVERAGE('METCM (Meteomatics)'!J134,'METCM (Meteomatics)'!J143,'METCM (Meteomatics)'!J152,'METCM (Meteomatics)'!J161) -> 202.2321 | N40: =AVERAGE('METCM (Meteomatics)'!K134,'METCM (Meteomatics)'!K143,'METCM (Meteomatics)'!K152,'METCM (Meteomatics)'!K161) -> 28.227116
H41: Standardavvik (utvalg) | I41: =_xlfn.STDEV.S('METCM (Meteomatics)'!J132,'METCM (Meteomatics)'!J141,'METCM (Meteomatics)'!J150,'METCM (Meteomatics)'!J159) -> 160.30777 | J41: =_xlfn.STDEV.S('METCM (Meteomatics)'!K132,'METCM (Meteomatics)'!K141,'METCM (Meteomatics)'!K150,'METCM (Meteomatics)'!K159) -> 0.94447307 | K41: =_xlfn.STDEV.S('METCM (Meteomatics)'!J133,'METCM (Meteomatics)'!J142,'METCM (Meteomatics)'!J151,'METCM (Meteomatics)'!J160) -> 156.98929 | L41: =_xlfn.STDEV.S('METCM (Meteomatics)'!K133,'METCM (Meteomatics)'!K142,'METCM (Meteomatics)'!K151,'METCM (Meteomatics)'!K160) -> 0.92084418 | M41: =_xlfn.STDEV.S('METCM (Meteomatics)'!J134,'METCM (Meteomatics)'!J143,'METCM (Meteomatics)'!J152,'METCM (Meteomatics)'!J161) -> 147.6299 | N41: =_xlfn.STDEV.S('METCM (Meteomatics)'!K134,'METCM (Meteomatics)'!K143,'METCM (Meteomatics)'!K152,'METCM (Meteomatics)'!K161) -> 0.85191109
H42: Median | I42: =MEDIAN('METCM (Meteomatics)'!J132,'METCM (Meteomatics)'!J141,'METCM (Meteomatics)'!J150,'METCM (Meteomatics)'!J159) -> 123.99041 | J42: =MEDIAN('METCM (Meteomatics)'!K132,'METCM (Meteomatics)'!K141,'METCM (Meteomatics)'!K150,'METCM (Meteomatics)'!K159) -> 27.722532 | K42: =MEDIAN('METCM (Meteomatics)'!J133,'METCM (Meteomatics)'!J142,'METCM (Meteomatics)'!J151,'METCM (Meteomatics)'!J160) -> 128.66036 | L42: =MEDIAN('METCM (Meteomatics)'!K133,'METCM (Meteomatics)'!K142,'METCM (Meteomatics)'!K151,'METCM (Meteomatics)'!K160) -> 27.754752 | M42: =MEDIAN('METCM (Meteomatics)'!J134,'METCM (Meteomatics)'!J143,'METCM (Meteomatics)'!J152,'METCM (Meteomatics)'!J161) -> 144.01014 | N42: =MEDIAN('METCM (Meteomatics)'!K134,'METCM (Meteomatics)'!K143,'METCM (Meteomatics)'!K152,'METCM (Meteomatics)'!K161) -> 27.862877
H43: Q1 | I43: =_xlfn.QUARTILE.INC(('METCM (Meteomatics)'!J132,'METCM (Meteomatics)'!J141,'METCM (Meteomatics)'!J150,'METCM (Meteomatics)'!J159),1) -> 74.875999 | J43: =_xlfn.QUARTILE.INC(('METCM (Meteomatics)'!K132,'METCM (Meteomatics)'!K141,'METCM (Meteomatics)'!K150,'METCM (Meteomatics)'!K159),1) -> 27.473308 | K43: =_xlfn.QUARTILE.INC(('METCM (Meteomatics)'!J133,'METCM (Meteomatics)'!J142,'METCM (Meteomatics)'!J151,'METCM (Meteomatics)'!J160),1) -> 82.528969 | L43: =_xlfn.QUARTILE.INC(('METCM (Meteomatics)'!K133,'METCM (Meteomatics)'!K142,'METCM (Meteomatics)'!K151,'METCM (Meteomatics)'!K160),1) -> 27.528996 | M43: =_xlfn.QUARTILE.INC(('METCM (Meteomatics)'!J134,'METCM (Meteomatics)'!J143,'METCM (Meteomatics)'!J152,'METCM (Meteomatics)'!J161),1) -> 105.78013 | N43: =_xlfn.QUARTILE.INC(('METCM (Meteomatics)'!K134,'METCM (Meteomatics)'!K143,'METCM (Meteomatics)'!K152,'METCM (Meteomatics)'!K161),1) -> 27.70471
H44: Q3 | I44: =_xlfn.QUARTILE.INC(('METCM (Meteomatics)'!J132,'METCM (Meteomatics)'!J141,'METCM (Meteomatics)'!J150,'METCM (Meteomatics)'!J159),3) -> 231.67112 | J44: =_xlfn.QUARTILE.INC(('METCM (Meteomatics)'!K132,'METCM (Meteomatics)'!K141,'METCM (Meteomatics)'!K150,'METCM (Meteomatics)'!K159),3) -> 28.33335 | K44: =_xlfn.QUARTILE.INC(('METCM (Meteomatics)'!J133,'METCM (Meteomatics)'!J142,'METCM (Meteomatics)'!J151,'METCM (Meteomatics)'!J160),3) -> 233.46851 | L44: =_xlfn.QUARTILE.INC(('METCM (Meteomatics)'!K133,'METCM (Meteomatics)'!K142,'METCM (Meteomatics)'!K151,'METCM (Meteomatics)'!K160),3) -> 28.343908 | M44: =_xlfn.QUARTILE.INC(('METCM (Meteomatics)'!J134,'METCM (Meteomatics)'!J143,'METCM (Meteomatics)'!J152,'METCM (Meteomatics)'!J161),3) -> 240.46211 | N44: =_xlfn.QUARTILE.INC(('METCM (Meteomatics)'!K134,'METCM (Meteomatics)'!K143,'METCM (Meteomatics)'!K152,'METCM (Meteomatics)'!K161),3) -> 28.385282
H45: IQR | I45: =I44-I43 -> 156.79512 | J45: =J44-J43 -> 0.860042 | K45: =K44-K43 -> 150.93954 | L45: =L44-L43 -> 0.81491275 | M45: =M44-M43 -> 134.68198 | N45: =N44-N43 -> 0.680572
H46: 95% KI - nedre | I46: =I40-_xlfn.CONFIDENCE.T(0.05,I41,I39) -> -72.528728 | J46: =J40-_xlfn.CONFIDENCE.T(0.05,J41,J39) -> 26.581259 | K46: =K40-_xlfn.CONFIDENCE.T(0.05,K41,K39) -> -62.46787 | L46: =L40-_xlfn.CONFIDENCE.T(0.05,L41,L39) -> 26.652883 | M46: =M40-_xlfn.CONFIDENCE.T(0.05,M41,M39) -> -32.680014 | N46: =N40-_xlfn.CONFIDENCE.T(0.05,N41,N39) -> 26.871535
H47: 95% KI - øvre | I47: =I40+_xlfn.CONFIDENCE.T(0.05,I41,I39) -> 437.64214 | J47: =J40+_xlfn.CONFIDENCE.T(0.05,J41,J39) -> 29.586993 | K47: =K40+_xlfn.CONFIDENCE.T(0.05,K41,K39) -> 437.14211 | L47: =L40+_xlfn.CONFIDENCE.T(0.05,L41,L39) -> 29.58342 | M47: =M40+_xlfn.CONFIDENCE.T(0.05,M41,M39) -> 437.14421 | N47: =N40+_xlfn.CONFIDENCE.T(0.05,N41,N39) -> 29.582696
E48: AA0003 | H48: n (antall) | I48: =COUNT('METCM (Meteomatics)'!J135,'METCM (Meteomatics)'!J144,'METCM (Meteomatics)'!J153,'METCM (Meteomatics)'!J162) -> 4 | J48: =COUNT('METCM (Meteomatics)'!K135,'METCM (Meteomatics)'!K144,'METCM (Meteomatics)'!K153,'METCM (Meteomatics)'!K162) -> 4 | K48: =COUNT('METCM (Meteomatics)'!J136,'METCM (Meteomatics)'!J145,'METCM (Meteomatics)'!J154,'METCM (Meteomatics)'!J163) -> 4 | L48: =COUNT('METCM (Meteomatics)'!K136,'METCM (Meteomatics)'!K145,'METCM (Meteomatics)'!K154,'METCM (Meteomatics)'!K163) -> 4 | M48: =COUNT('METCM (Meteomatics)'!J137,'METCM (Meteomatics)'!J146,'METCM (Meteomatics)'!J155,'METCM (Meteomatics)'!J164) -> 4 | N48: =COUNT('METCM (Meteomatics)'!K137,'METCM (Meteomatics)'!K146,'METCM (Meteomatics)'!K155,'METCM (Meteomatics)'!K164) -> 4
H49: Gjennomsnitt | I49: =AVERAGE('METCM (Meteomatics)'!J135,'METCM (Meteomatics)'!J144,'METCM (Meteomatics)'!J153,'METCM (Meteomatics)'!J162) -> 298.61462 | J49: =AVERAGE('METCM (Meteomatics)'!K135,'METCM (Meteomatics)'!K144,'METCM (Meteomatics)'!K153,'METCM (Meteomatics)'!K162) -> 36.72341 | K49: =AVERAGE('METCM (Meteomatics)'!J136,'METCM (Meteomatics)'!J145,'METCM (Meteomatics)'!J154,'METCM (Meteomatics)'!J163) -> 306.96372 | L49: =AVERAGE('METCM (Meteomatics)'!K136,'METCM (Meteomatics)'!K145,'METCM (Meteomatics)'!K154,'METCM (Meteomatics)'!K163) -> 36.780874 | M49: =AVERAGE('METCM (Meteomatics)'!J137,'METCM (Meteomatics)'!J146,'METCM (Meteomatics)'!J155,'METCM (Meteomatics)'!J164) -> 332.62032 | N49: =AVERAGE('METCM (Meteomatics)'!K137,'METCM (Meteomatics)'!K146,'METCM (Meteomatics)'!K155,'METCM (Meteomatics)'!K164) -> 36.966952
H50: Standardavvik (utvalg) | I50: =_xlfn.STDEV.S('METCM (Meteomatics)'!J135,'METCM (Meteomatics)'!J144,'METCM (Meteomatics)'!J153,'METCM (Meteomatics)'!J162) -> 288.41868 | J50: =_xlfn.STDEV.S('METCM (Meteomatics)'!K135,'METCM (Meteomatics)'!K144,'METCM (Meteomatics)'!K153,'METCM (Meteomatics)'!K162) -> 2.1163502 | K50: =_xlfn.STDEV.S('METCM (Meteomatics)'!J136,'METCM (Meteomatics)'!J145,'METCM (Meteomatics)'!J154,'METCM (Meteomatics)'!J163) -> 282.51408 | L50: =_xlfn.STDEV.S('METCM (Meteomatics)'!K136,'METCM (Meteomatics)'!K145,'METCM (Meteomatics)'!K154,'METCM (Meteomatics)'!K163) -> 2.0795087 | M50: =_xlfn.STDEV.S('METCM (Meteomatics)'!J137,'METCM (Meteomatics)'!J146,'METCM (Meteomatics)'!J155,'METCM (Meteomatics)'!J164) -> 266.15084 | N50: =_xlfn.STDEV.S('METCM (Meteomatics)'!K137,'METCM (Meteomatics)'!K146,'METCM (Meteomatics)'!K155,'METCM (Meteomatics)'!K164) -> 1.9717034
H51: Median | I51: =MEDIAN('METCM (Meteomatics)'!J135,'METCM (Meteomatics)'!J144,'METCM (Meteomatics)'!J153,'METCM (Meteomatics)'!J162) -> 198.39918 | J51: =MEDIAN('METCM (Meteomatics)'!K135,'METCM (Meteomatics)'!K144,'METCM (Meteomatics)'!K153,'METCM (Meteomatics)'!K162) -> 35.913049 | K51: =MEDIAN('METCM (Meteomatics)'!J136,'METCM (Meteomatics)'!J145,'METCM (Meteomatics)'!J154,'METCM (Meteomatics)'!J163) -> 206.8236 | L51: =MEDIAN('METCM (Meteomatics)'!K136,'METCM (Meteomatics)'!K145,'METCM (Meteomatics)'!K154,'METCM (Meteomatics)'!K163) -> 35.974881 | M51: =MEDIAN('METCM (Meteomatics)'!J137,'METCM (Meteomatics)'!J146,'METCM (Meteomatics)'!J155,'METCM (Meteomatics)'!J164) -> 233.91899 | N51: =MEDIAN('METCM (Meteomatics)'!K137,'METCM (Meteomatics)'!K146,'METCM (Meteomatics)'!K155,'METCM (Meteomatics)'!K164) -> 36.182451
H52: Q1 | I52: =_xlfn.QUARTILE.INC(('METCM (Meteomatics)'!J135,'METCM (Meteomatics)'!J144,'METCM (Meteomatics)'!J153,'METCM (Meteomatics)'!J162),1) -> 102.27429 | J52: =_xlfn.QUARTILE.INC(('METCM (Meteomatics)'!K135,'METCM (Meteomatics)'!K144,'METCM (Meteomatics)'!K153,'METCM (Meteomatics)'!K162),1) -> 35.381196 | K52: =_xlfn.QUARTILE.INC(('METCM (Meteomatics)'!J136,'METCM (Meteomatics)'!J145,'METCM (Meteomatics)'!J154,'METCM (Meteomatics)'!J163),1) -> 115.90549 | L52: =_xlfn.QUARTILE.INC(('METCM (Meteomatics)'!K136,'METCM (Meteomatics)'!K145,'METCM (Meteomatics)'!K154,'METCM (Meteomatics)'!K163),1) -> 35.479021 | M52: =_xlfn.QUARTILE.INC(('METCM (Meteomatics)'!J137,'METCM (Meteomatics)'!J146,'METCM (Meteomatics)'!J155,'METCM (Meteomatics)'!J164),1) -> 156.45132 | N52: =_xlfn.QUARTILE.INC(('METCM (Meteomatics)'!K137,'METCM (Meteomatics)'!K146,'METCM (Meteomatics)'!K155,'METCM (Meteomatics)'!K164),1) -> 35.788562
H53: Q3 | I53: =_xlfn.QUARTILE.INC(('METCM (Meteomatics)'!J135,'METCM (Meteomatics)'!J144,'METCM (Meteomatics)'!J153,'METCM (Meteomatics)'!J162),3) -> 394.73951 | J53: =_xlfn.QUARTILE.INC(('METCM (Meteomatics)'!K135,'METCM (Meteomatics)'!K144,'METCM (Meteomatics)'!K153,'METCM (Meteomatics)'!K162),3) -> 37.255264 | K53: =_xlfn.QUARTILE.INC(('METCM (Meteomatics)'!J136,'METCM (Meteomatics)'!J145,'METCM (Meteomatics)'!J154,'METCM (Meteomatics)'!J163),3) -> 397.88183 | L53: =_xlfn.QUARTILE.INC(('METCM (Meteomatics)'!K136,'METCM (Meteomatics)'!K145,'METCM (Meteomatics)'!K154,'METCM (Meteomatics)'!K163),3) -> 37.276734 | M53: =_xlfn.QUARTILE.INC(('METCM (Meteomatics)'!J137,'METCM (Meteomatics)'!J146,'METCM (Meteomatics)'!J155,'METCM (Meteomatics)'!J164),3) -> 410.08798 | N53: =_xlfn.QUARTILE.INC(('METCM (Meteomatics)'!K137,'METCM (Meteomatics)'!K146,'METCM (Meteomatics)'!K155,'METCM (Meteomatics)'!K164),3) -> 37.36084
H54: IQR | I54: =I53-I52 -> 292.46522 | J54: =J53-J52 -> 1.874068 | K54: =K53-K52 -> 281.97635 | L54: =L53-L52 -> 1.7977132 | M54: =M53-M52 -> 253.63665 | N54: =N53-N52 -> 1.572278
H55: 95% KI - nedre | I55: =I49-_xlfn.CONFIDENCE.T(0.05,I50,I48) -> -160.32386 | J55: =J49-_xlfn.CONFIDENCE.T(0.05,J50,J48) -> 33.355825 | K55: =K49-_xlfn.CONFIDENCE.T(0.05,K50,K48) -> -142.57922 | L55: =L49-_xlfn.CONFIDENCE.T(0.05,L50,L48) -> 33.471912 | M55: =M49-_xlfn.CONFIDENCE.T(0.05,M50,M48) -> -90.885061 | N55: =N49-_xlfn.CONFIDENCE.T(0.05,N50,N48) -> 33.829532
H56: 95% KI - øvre | I56: =I49+_xlfn.CONFIDENCE.T(0.05,I50,I48) -> 757.5531 | J56: =J49+_xlfn.CONFIDENCE.T(0.05,J50,J48) -> 40.090995 | K56: =K49+_xlfn.CONFIDENCE.T(0.05,K50,K48) -> 756.50666 | L56: =L49+_xlfn.CONFIDENCE.T(0.05,L50,L48) -> 40.089837 | M56: =M49+_xlfn.CONFIDENCE.T(0.05,M50,M48) -> 756.12569 | N56: =N49+_xlfn.CONFIDENCE.T(0.05,N50,N48) -> 40.104372
B57: Firing pos. Setermoen | C57: CM pos. Setermoen | D57: METCM | E57: AA0001 | F57: 10-30. APR 26 | G57: 3000 | H57: n (antall) | I57: =COUNT('METCM (Meteomatics)'!J3,'METCM (Meteomatics)'!J12,'METCM (Meteomatics)'!J21,'METCM (Meteomatics)'!J30,'METCM (Meteomatics)'!J39,'METCM (Meteomatics)'!J48,'METCM (Meteomatics)'!J57,'METCM (Meteomatics)'!J66,'METCM (Meteomatics)'!J75,'METCM (Meteomatics)'!J84,'METCM (Meteomatics)'!J93,'METCM (Meteomatics)'!J102,'METCM (Meteomatics)'!J111,'METCM (Meteomatics)'!J120) -> 14 | J57: =COUNT('METCM (Meteomatics)'!K3,'METCM (Meteomatics)'!K12,'METCM (Meteomatics)'!K21,'METCM (Meteomatics)'!K30,'METCM (Meteomatics)'!K39,'METCM (Meteomatics)'!K48,'METCM (Meteomatics)'!K57,'METCM (Meteomatics)'!K66,'METCM (Meteomatics)'!K75,'METCM (Meteomatics)'!K84,'METCM (Meteomatics)'!K93,'METCM (Meteomatics)'!K102,'METCM (Meteomatics)'!K111,'METCM (Meteomatics)'!K120) -> 14 | K57: =COUNT('METCM (Meteomatics)'!J4,'METCM (Meteomatics)'!J13,'METCM (Meteomatics)'!J22,'METCM (Meteomatics)'!J31,'METCM (Meteomatics)'!J40,'METCM (Meteomatics)'!J49,'METCM (Meteomatics)'!J58,'METCM (Meteomatics)'!J67,'METCM (Meteomatics)'!J76,'METCM (Meteomatics)'!J85,'METCM (Meteomatics)'!J94,'METCM (Meteomatics)'!J103,'METCM (Meteomatics)'!J112,'METCM (Meteomatics)'!J121) -> 14 | L57: =COUNT('METCM (Meteomatics)'!K4,'METCM (Meteomatics)'!K13,'METCM (Meteomatics)'!K22,'METCM (Meteomatics)'!K31,'METCM (Meteomatics)'!K40,'METCM (Meteomatics)'!K49,'METCM (Meteomatics)'!K58,'METCM (Meteomatics)'!K67,'METCM (Meteomatics)'!K76,'METCM (Meteomatics)'!K85,'METCM (Meteomatics)'!K94,'METCM (Meteomatics)'!K103,'METCM (Meteomatics)'!K112,'METCM (Meteomatics)'!K121) -> 14 | M57: =COUNT('METCM (Meteomatics)'!J5,'METCM (Meteomatics)'!J14,'METCM (Meteomatics)'!J23,'METCM (Meteomatics)'!J32,'METCM (Meteomatics)'!J41,'METCM (Meteomatics)'!J50,'METCM (Meteomatics)'!J59,'METCM (Meteomatics)'!J68,'METCM (Meteomatics)'!J77,'METCM (Meteomatics)'!J86,'METCM (Meteomatics)'!J95,'METCM (Meteomatics)'!J104,'METCM (Meteomatics)'!J113,'METCM (Meteomatics)'!J122) -> 14 | N57: =COUNT('METCM (Meteomatics)'!K5,'METCM (Meteomatics)'!K14,'METCM (Meteomatics)'!K23,'METCM (Meteomatics)'!K32,'METCM (Meteomatics)'!K41,'METCM (Meteomatics)'!K50,'METCM (Meteomatics)'!K59,'METCM (Meteomatics)'!K68,'METCM (Meteomatics)'!K77,'METCM (Meteomatics)'!K86,'METCM (Meteomatics)'!K95,'METCM (Meteomatics)'!K104,'METCM (Meteomatics)'!K113,'METCM (Meteomatics)'!K122) -> 14
H58: Gjennomsnitt | I58: =AVERAGE('METCM (Meteomatics)'!J3,'METCM (Meteomatics)'!J12,'METCM (Meteomatics)'!J21,'METCM (Meteomatics)'!J30,'METCM (Meteomatics)'!J39,'METCM (Meteomatics)'!J48,'METCM (Meteomatics)'!J57,'METCM (Meteomatics)'!J66,'METCM (Meteomatics)'!J75,'METCM (Meteomatics)'!J84,'METCM (Meteomatics)'!J93,'METCM (Meteomatics)'!J102,'METCM (Meteomatics)'!J111,'METCM (Meteomatics)'!J120) -> 67.676993 | J58: =AVERAGE('METCM (Meteomatics)'!K3,'METCM (Meteomatics)'!K12,'METCM (Meteomatics)'!K21,'METCM (Meteomatics)'!K30,'METCM (Meteomatics)'!K39,'METCM (Meteomatics)'!K48,'METCM (Meteomatics)'!K57,'METCM (Meteomatics)'!K66,'METCM (Meteomatics)'!K75,'METCM (Meteomatics)'!K84,'METCM (Meteomatics)'!K93,'METCM (Meteomatics)'!K102,'METCM (Meteomatics)'!K111,'METCM (Meteomatics)'!K120) -> 22.531339 | K58: =AVERAGE('METCM (Meteomatics)'!J4,'METCM (Meteomatics)'!J13,'METCM (Meteomatics)'!J22,'METCM (Meteomatics)'!J31,'METCM (Meteomatics)'!J40,'METCM (Meteomatics)'!J49,'METCM (Meteomatics)'!J58,'METCM (Meteomatics)'!J67,'METCM (Meteomatics)'!J76,'METCM (Meteomatics)'!J85,'METCM (Meteomatics)'!J94,'METCM (Meteomatics)'!J103,'METCM (Meteomatics)'!J112,'METCM (Meteomatics)'!J121) -> 67.945772 | L58: =AVERAGE('METCM (Meteomatics)'!K4,'METCM (Meteomatics)'!K13,'METCM (Meteomatics)'!K22,'METCM (Meteomatics)'!K31,'METCM (Meteomatics)'!K40,'METCM (Meteomatics)'!K49,'METCM (Meteomatics)'!K58,'METCM (Meteomatics)'!K67,'METCM (Meteomatics)'!K76,'METCM (Meteomatics)'!K85,'METCM (Meteomatics)'!K94,'METCM (Meteomatics)'!K103,'METCM (Meteomatics)'!K112,'METCM (Meteomatics)'!K121) -> 22.554331 | M58: =AVERAGE('METCM (Meteomatics)'!J5,'METCM (Meteomatics)'!J14,'METCM (Meteomatics)'!J23,'METCM (Meteomatics)'!J32,'METCM (Meteomatics)'!J41,'METCM (Meteomatics)'!J50,'METCM (Meteomatics)'!J59,'METCM (Meteomatics)'!J68,'METCM (Meteomatics)'!J77,'METCM (Meteomatics)'!J86,'METCM (Meteomatics)'!J95,'METCM (Meteomatics)'!J104,'METCM (Meteomatics)'!J113,'METCM (Meteomatics)'!J122) -> 69.003675 | N58: =AVERAGE('METCM (Meteomatics)'!K5,'METCM (Meteomatics)'!K14,'METCM (Meteomatics)'!K23,'METCM (Meteomatics)'!K32,'METCM (Meteomatics)'!K41,'METCM (Meteomatics)'!K50,'METCM (Meteomatics)'!K59,'METCM (Meteomatics)'!K68,'METCM (Meteomatics)'!K77,'METCM (Meteomatics)'!K86,'METCM (Meteomatics)'!K95,'METCM (Meteomatics)'!K104,'METCM (Meteomatics)'!K113,'METCM (Meteomatics)'!K122) -> 22.644267
H59: Standardavvik (utvalg) | I59: =_xlfn.STDEV.S('METCM (Meteomatics)'!J3,'METCM (Meteomatics)'!J12,'METCM (Meteomatics)'!J21,'METCM (Meteomatics)'!J30,'METCM (Meteomatics)'!J39,'METCM (Meteomatics)'!J48,'METCM (Meteomatics)'!J57,'METCM (Meteomatics)'!J66,'METCM (Meteomatics)'!J75,'METCM (Meteomatics)'!J84,'METCM (Meteomatics)'!J93,'METCM (Meteomatics)'!J102,'METCM (Meteomatics)'!J111,'METCM (Meteomatics)'!J120) -> 10.284858 | J59: =_xlfn.STDEV.S('METCM (Meteomatics)'!K3,'METCM (Meteomatics)'!K12,'METCM (Meteomatics)'!K21,'METCM (Meteomatics)'!K30,'METCM (Meteomatics)'!K39,'METCM (Meteomatics)'!K48,'METCM (Meteomatics)'!K57,'METCM (Meteomatics)'!K66,'METCM (Meteomatics)'!K75,'METCM (Meteomatics)'!K84,'METCM (Meteomatics)'!K93,'METCM (Meteomatics)'!K102,'METCM (Meteomatics)'!K111,'METCM (Meteomatics)'!K120) -> 1.7949936 | K59: =_xlfn.STDEV.S('METCM (Meteomatics)'!J4,'METCM (Meteomatics)'!J13,'METCM (Meteomatics)'!J22,'METCM (Meteomatics)'!J31,'METCM (Meteomatics)'!J40,'METCM (Meteomatics)'!J49,'METCM (Meteomatics)'!J58,'METCM (Meteomatics)'!J67,'METCM (Meteomatics)'!J76,'METCM (Meteomatics)'!J85,'METCM (Meteomatics)'!J94,'METCM (Meteomatics)'!J103,'METCM (Meteomatics)'!J112,'METCM (Meteomatics)'!J121) -> 10.279058 | L59: =_xlfn.STDEV.S('METCM (Meteomatics)'!K4,'METCM (Meteomatics)'!K13,'METCM (Meteomatics)'!K22,'METCM (Meteomatics)'!K31,'METCM (Meteomatics)'!K40,'METCM (Meteomatics)'!K49,'METCM (Meteomatics)'!K58,'METCM (Meteomatics)'!K67,'METCM (Meteomatics)'!K76,'METCM (Meteomatics)'!K85,'METCM (Meteomatics)'!K94,'METCM (Meteomatics)'!K103,'METCM (Meteomatics)'!K112,'METCM (Meteomatics)'!K121) -> 1.8177208 | M59: =_xlfn.STDEV.S('METCM (Meteomatics)'!J5,'METCM (Meteomatics)'!J14,'METCM (Meteomatics)'!J23,'METCM (Meteomatics)'!J32,'METCM (Meteomatics)'!J41,'METCM (Meteomatics)'!J50,'METCM (Meteomatics)'!J59,'METCM (Meteomatics)'!J68,'METCM (Meteomatics)'!J77,'METCM (Meteomatics)'!J86,'METCM (Meteomatics)'!J95,'METCM (Meteomatics)'!J104,'METCM (Meteomatics)'!J113,'METCM (Meteomatics)'!J122) -> 10.26178 | N59: =_xlfn.STDEV.S('METCM (Meteomatics)'!K5,'METCM (Meteomatics)'!K14,'METCM (Meteomatics)'!K23,'METCM (Meteomatics)'!K32,'METCM (Meteomatics)'!K41,'METCM (Meteomatics)'!K50,'METCM (Meteomatics)'!K59,'METCM (Meteomatics)'!K68,'METCM (Meteomatics)'!K77,'METCM (Meteomatics)'!K86,'METCM (Meteomatics)'!K95,'METCM (Meteomatics)'!K104,'METCM (Meteomatics)'!K113,'METCM (Meteomatics)'!K122) -> 1.9066488
H60: Median | I60: =MEDIAN('METCM (Meteomatics)'!J3,'METCM (Meteomatics)'!J12,'METCM (Meteomatics)'!J21,'METCM (Meteomatics)'!J30,'METCM (Meteomatics)'!J39,'METCM (Meteomatics)'!J48,'METCM (Meteomatics)'!J57,'METCM (Meteomatics)'!J66,'METCM (Meteomatics)'!J75,'METCM (Meteomatics)'!J84,'METCM (Meteomatics)'!J93,'METCM (Meteomatics)'!J102,'METCM (Meteomatics)'!J111,'METCM (Meteomatics)'!J120) -> 63.436189 | J60: =MEDIAN('METCM (Meteomatics)'!K3,'METCM (Meteomatics)'!K12,'METCM (Meteomatics)'!K21,'METCM (Meteomatics)'!K30,'METCM (Meteomatics)'!K39,'METCM (Meteomatics)'!K48,'METCM (Meteomatics)'!K57,'METCM (Meteomatics)'!K66,'METCM (Meteomatics)'!K75,'METCM (Meteomatics)'!K84,'METCM (Meteomatics)'!K93,'METCM (Meteomatics)'!K102,'METCM (Meteomatics)'!K111,'METCM (Meteomatics)'!K120) -> 21.845205 | K60: =MEDIAN('METCM (Meteomatics)'!J4,'METCM (Meteomatics)'!J13,'METCM (Meteomatics)'!J22,'METCM (Meteomatics)'!J31,'METCM (Meteomatics)'!J40,'METCM (Meteomatics)'!J49,'METCM (Meteomatics)'!J58,'METCM (Meteomatics)'!J67,'METCM (Meteomatics)'!J76,'METCM (Meteomatics)'!J85,'METCM (Meteomatics)'!J94,'METCM (Meteomatics)'!J103,'METCM (Meteomatics)'!J112,'METCM (Meteomatics)'!J121) -> 63.719559 | L60: =MEDIAN('METCM (Meteomatics)'!K4,'METCM (Meteomatics)'!K13,'METCM (Meteomatics)'!K22,'METCM (Meteomatics)'!K31,'METCM (Meteomatics)'!K40,'METCM (Meteomatics)'!K49,'METCM (Meteomatics)'!K58,'METCM (Meteomatics)'!K67,'METCM (Meteomatics)'!K76,'METCM (Meteomatics)'!K85,'METCM (Meteomatics)'!K94,'METCM (Meteomatics)'!K103,'METCM (Meteomatics)'!K112,'METCM (Meteomatics)'!K121) -> 21.860971 | M60: =MEDIAN('METCM (Meteomatics)'!J5,'METCM (Meteomatics)'!J14,'METCM (Meteomatics)'!J23,'METCM (Meteomatics)'!J32,'METCM (Meteomatics)'!J41,'METCM (Meteomatics)'!J50,'METCM (Meteomatics)'!J59,'METCM (Meteomatics)'!J68,'METCM (Meteomatics)'!J77,'METCM (Meteomatics)'!J86,'METCM (Meteomatics)'!J95,'METCM (Meteomatics)'!J104,'METCM (Meteomatics)'!J113,'METCM (Meteomatics)'!J122) -> 64.834141 | N60: =MEDIAN('METCM (Meteomatics)'!K5,'METCM (Meteomatics)'!K14,'METCM (Meteomatics)'!K23,'METCM (Meteomatics)'!K32,'METCM (Meteomatics)'!K41,'METCM (Meteomatics)'!K50,'METCM (Meteomatics)'!K59,'METCM (Meteomatics)'!K68,'METCM (Meteomatics)'!K77,'METCM (Meteomatics)'!K86,'METCM (Meteomatics)'!K95,'METCM (Meteomatics)'!K104,'METCM (Meteomatics)'!K113,'METCM (Meteomatics)'!K122) -> 21.922846
H61: Q1 | I61: =_xlfn.QUARTILE.INC(('METCM (Meteomatics)'!J3,'METCM (Meteomatics)'!J12,'METCM (Meteomatics)'!J21,'METCM (Meteomatics)'!J30,'METCM (Meteomatics)'!J39,'METCM (Meteomatics)'!J48,'METCM (Meteomatics)'!J57,'METCM (Meteomatics)'!J66,'METCM (Meteomatics)'!J75,'METCM (Meteomatics)'!J84,'METCM (Meteomatics)'!J93,'METCM (Meteomatics)'!J102,'METCM (Meteomatics)'!J111,'METCM (Meteomatics)'!J120),1) -> 59.839774 | J61: =_xlfn.QUARTILE.INC(('METCM (Meteomatics)'!K3,'METCM (Meteomatics)'!K12,'METCM (Meteomatics)'!K21,'METCM (Meteomatics)'!K30,'METCM (Meteomatics)'!K39,'METCM (Meteomatics)'!K48,'METCM (Meteomatics)'!K57,'METCM (Meteomatics)'!K66,'METCM (Meteomatics)'!K75,'METCM (Meteomatics)'!K84,'METCM (Meteomatics)'!K93,'METCM (Meteomatics)'!K102,'METCM (Meteomatics)'!K111,'METCM (Meteomatics)'!K120),1) -> 21.469353 | K61: =_xlfn.QUARTILE.INC(('METCM (Meteomatics)'!J4,'METCM (Meteomatics)'!J13,'METCM (Meteomatics)'!J22,'METCM (Meteomatics)'!J31,'METCM (Meteomatics)'!J40,'METCM (Meteomatics)'!J49,'METCM (Meteomatics)'!J58,'METCM (Meteomatics)'!J67,'METCM (Meteomatics)'!J76,'METCM (Meteomatics)'!J85,'METCM (Meteomatics)'!J94,'METCM (Meteomatics)'!J103,'METCM (Meteomatics)'!J112,'METCM (Meteomatics)'!J121),1) -> 60.092149 | L61: =_xlfn.QUARTILE.INC(('METCM (Meteomatics)'!K4,'METCM (Meteomatics)'!K13,'METCM (Meteomatics)'!K22,'METCM (Meteomatics)'!K31,'METCM (Meteomatics)'!K40,'METCM (Meteomatics)'!K49,'METCM (Meteomatics)'!K58,'METCM (Meteomatics)'!K67,'METCM (Meteomatics)'!K76,'METCM (Meteomatics)'!K85,'METCM (Meteomatics)'!K94,'METCM (Meteomatics)'!K103,'METCM (Meteomatics)'!K112,'METCM (Meteomatics)'!K121),1) -> 21.482903 | M61: =_xlfn.QUARTILE.INC(('METCM (Meteomatics)'!J5,'METCM (Meteomatics)'!J14,'METCM (Meteomatics)'!J23,'METCM (Meteomatics)'!J32,'METCM (Meteomatics)'!J41,'METCM (Meteomatics)'!J50,'METCM (Meteomatics)'!J59,'METCM (Meteomatics)'!J68,'METCM (Meteomatics)'!J77,'METCM (Meteomatics)'!J86,'METCM (Meteomatics)'!J95,'METCM (Meteomatics)'!J104,'METCM (Meteomatics)'!J113,'METCM (Meteomatics)'!J122),1) -> 61.087969 | N61: =_xlfn.QUARTILE.INC(('METCM (Meteomatics)'!K5,'METCM (Meteomatics)'!K14,'METCM (Meteomatics)'!K23,'METCM (Meteomatics)'!K32,'METCM (Meteomatics)'!K41,'METCM (Meteomatics)'!K50,'METCM (Meteomatics)'!K59,'METCM (Meteomatics)'!K68,'METCM (Meteomatics)'!K77,'METCM (Meteomatics)'!K86,'METCM (Meteomatics)'!K95,'METCM (Meteomatics)'!K104,'METCM (Meteomatics)'!K113,'METCM (Meteomatics)'!K122),1) -> 21.535864
H62: Q3 | I62: =_xlfn.QUARTILE.INC(('METCM (Meteomatics)'!J3,'METCM (Meteomatics)'!J12,'METCM (Meteomatics)'!J21,'METCM (Meteomatics)'!J30,'METCM (Meteomatics)'!J39,'METCM (Meteomatics)'!J48,'METCM (Meteomatics)'!J57,'METCM (Meteomatics)'!J66,'METCM (Meteomatics)'!J75,'METCM (Meteomatics)'!J84,'METCM (Meteomatics)'!J93,'METCM (Meteomatics)'!J102,'METCM (Meteomatics)'!J111,'METCM (Meteomatics)'!J120),3) -> 73.863378 | J62: =_xlfn.QUARTILE.INC(('METCM (Meteomatics)'!K3,'METCM (Meteomatics)'!K12,'METCM (Meteomatics)'!K21,'METCM (Meteomatics)'!K30,'METCM (Meteomatics)'!K39,'METCM (Meteomatics)'!K48,'METCM (Meteomatics)'!K57,'METCM (Meteomatics)'!K66,'METCM (Meteomatics)'!K75,'METCM (Meteomatics)'!K84,'METCM (Meteomatics)'!K93,'METCM (Meteomatics)'!K102,'METCM (Meteomatics)'!K111,'METCM (Meteomatics)'!K120),3) -> 23.41063 | K62: =_xlfn.QUARTILE.INC(('METCM (Meteomatics)'!J4,'METCM (Meteomatics)'!J13,'METCM (Meteomatics)'!J22,'METCM (Meteomatics)'!J31,'METCM (Meteomatics)'!J40,'METCM (Meteomatics)'!J49,'METCM (Meteomatics)'!J58,'METCM (Meteomatics)'!J67,'METCM (Meteomatics)'!J76,'METCM (Meteomatics)'!J85,'METCM (Meteomatics)'!J94,'METCM (Meteomatics)'!J103,'METCM (Meteomatics)'!J112,'METCM (Meteomatics)'!J121),3) -> 74.073917 | L62: =_xlfn.QUARTILE.INC(('METCM (Meteomatics)'!K4,'METCM (Meteomatics)'!K13,'METCM (Meteomatics)'!K22,'METCM (Meteomatics)'!K31,'METCM (Meteomatics)'!K40,'METCM (Meteomatics)'!K49,'METCM (Meteomatics)'!K58,'METCM (Meteomatics)'!K67,'METCM (Meteomatics)'!K76,'METCM (Meteomatics)'!K85,'METCM (Meteomatics)'!K94,'METCM (Meteomatics)'!K103,'METCM (Meteomatics)'!K112,'METCM (Meteomatics)'!K121),3) -> 23.450171 | M62: =_xlfn.QUARTILE.INC(('METCM (Meteomatics)'!J5,'METCM (Meteomatics)'!J14,'METCM (Meteomatics)'!J23,'METCM (Meteomatics)'!J32,'METCM (Meteomatics)'!J41,'METCM (Meteomatics)'!J50,'METCM (Meteomatics)'!J59,'METCM (Meteomatics)'!J68,'METCM (Meteomatics)'!J77,'METCM (Meteomatics)'!J86,'METCM (Meteomatics)'!J95,'METCM (Meteomatics)'!J104,'METCM (Meteomatics)'!J113,'METCM (Meteomatics)'!J122),3) -> 74.906359 | N62: =_xlfn.QUARTILE.INC(('METCM (Meteomatics)'!K5,'METCM (Meteomatics)'!K14,'METCM (Meteomatics)'!K23,'METCM (Meteomatics)'!K32,'METCM (Meteomatics)'!K41,'METCM (Meteomatics)'!K50,'METCM (Meteomatics)'!K59,'METCM (Meteomatics)'!K68,'METCM (Meteomatics)'!K77,'METCM (Meteomatics)'!K86,'METCM (Meteomatics)'!K95,'METCM (Meteomatics)'!K104,'METCM (Meteomatics)'!K113,'METCM (Meteomatics)'!K122),3) -> 23.604777
G63: 3000 | H63: IQR | I63: =I62-I61 -> 14.023604 | J63: =J62-J61 -> 1.9412775 | K63: =K62-K61 -> 13.981768 | L63: =L62-L61 -> 1.9672687 | M63: =M62-M61 -> 13.81839 | N63: =N62-N61 -> 2.0689135
H64: 95% KI - nedre | I64: =I58-_xlfn.CONFIDENCE.T(0.05,I59,I57) -> 61.738693 | J64: =J58-_xlfn.CONFIDENCE.T(0.05,J59,J57) -> 21.494941 | K64: =K58-_xlfn.CONFIDENCE.T(0.05,K59,K57) -> 62.01082 | L64: =L58-_xlfn.CONFIDENCE.T(0.05,L59,L57) -> 21.50481 | M64: =M58-_xlfn.CONFIDENCE.T(0.05,M59,M57) -> 63.078699 | N64: =N58-_xlfn.CONFIDENCE.T(0.05,N59,N57) -> 21.543401
H65: 95% KI - øvre | I65: =I58+_xlfn.CONFIDENCE.T(0.05,I59,I57) -> 73.615293 | J65: =J58+_xlfn.CONFIDENCE.T(0.05,J59,J57) -> 23.567738 | K65: =K58+_xlfn.CONFIDENCE.T(0.05,K59,K57) -> 73.880723 | L65: =L58+_xlfn.CONFIDENCE.T(0.05,L59,L57) -> 23.603851 | M65: =M58+_xlfn.CONFIDENCE.T(0.05,M59,M57) -> 74.92865 | N65: =N58+_xlfn.CONFIDENCE.T(0.05,N59,N57) -> 23.745134
E66: AA0002 | H66: n (antall) | I66: =COUNT('METCM (Meteomatics)'!J6,'METCM (Meteomatics)'!J15,'METCM (Meteomatics)'!J24,'METCM (Meteomatics)'!J33,'METCM (Meteomatics)'!J42,'METCM (Meteomatics)'!J51,'METCM (Meteomatics)'!J60,'METCM (Meteomatics)'!J69,'METCM (Meteomatics)'!J78,'METCM (Meteomatics)'!J87,'METCM (Meteomatics)'!J96,'METCM (Meteomatics)'!J105,'METCM (Meteomatics)'!J114,'METCM (Meteomatics)'!J123) -> 14 | J66: =COUNT('METCM (Meteomatics)'!K6,'METCM (Meteomatics)'!K15,'METCM (Meteomatics)'!K24,'METCM (Meteomatics)'!K33,'METCM (Meteomatics)'!K42,'METCM (Meteomatics)'!K51,'METCM (Meteomatics)'!K60,'METCM (Meteomatics)'!K69,'METCM (Meteomatics)'!K78,'METCM (Meteomatics)'!K87,'METCM (Meteomatics)'!K96,'METCM (Meteomatics)'!K105,'METCM (Meteomatics)'!K114,'METCM (Meteomatics)'!K123) -> 14 | K66: =COUNT('METCM (Meteomatics)'!J7,'METCM (Meteomatics)'!J16,'METCM (Meteomatics)'!J25,'METCM (Meteomatics)'!J34,'METCM (Meteomatics)'!J43,'METCM (Meteomatics)'!J52,'METCM (Meteomatics)'!J61,'METCM (Meteomatics)'!J70,'METCM (Meteomatics)'!J79,'METCM (Meteomatics)'!J88,'METCM (Meteomatics)'!J97,'METCM (Meteomatics)'!J106,'METCM (Meteomatics)'!J115,'METCM (Meteomatics)'!J124) -> 14 | L66: =COUNT('METCM (Meteomatics)'!K7,'METCM (Meteomatics)'!K16,'METCM (Meteomatics)'!K25,'METCM (Meteomatics)'!K34,'METCM (Meteomatics)'!K43,'METCM (Meteomatics)'!K52,'METCM (Meteomatics)'!K61,'METCM (Meteomatics)'!K70,'METCM (Meteomatics)'!K79,'METCM (Meteomatics)'!K88,'METCM (Meteomatics)'!K97,'METCM (Meteomatics)'!K106,'METCM (Meteomatics)'!K115,'METCM (Meteomatics)'!K124) -> 14 | M66: =COUNT('METCM (Meteomatics)'!J8,'METCM (Meteomatics)'!J17,'METCM (Meteomatics)'!J26,'METCM (Meteomatics)'!J35,'METCM (Meteomatics)'!J44,'METCM (Meteomatics)'!J53,'METCM (Meteomatics)'!J62,'METCM (Meteomatics)'!J71,'METCM (Meteomatics)'!J80,'METCM (Meteomatics)'!J89,'METCM (Meteomatics)'!J98,'METCM (Meteomatics)'!J107,'METCM (Meteomatics)'!J116,'METCM (Meteomatics)'!J125) -> 14 | N66: =COUNT('METCM (Meteomatics)'!K8,'METCM (Meteomatics)'!K17,'METCM (Meteomatics)'!K26,'METCM (Meteomatics)'!K35,'METCM (Meteomatics)'!K44,'METCM (Meteomatics)'!K53,'METCM (Meteomatics)'!K62,'METCM (Meteomatics)'!K71,'METCM (Meteomatics)'!K80,'METCM (Meteomatics)'!K89,'METCM (Meteomatics)'!K98,'METCM (Meteomatics)'!K107,'METCM (Meteomatics)'!K116,'METCM (Meteomatics)'!K125) -> 14
H67: Gjennomsnitt | I67: =AVERAGE('METCM (Meteomatics)'!J6,'METCM (Meteomatics)'!J15,'METCM (Meteomatics)'!J24,'METCM (Meteomatics)'!J33,'METCM (Meteomatics)'!J42,'METCM (Meteomatics)'!J51,'METCM (Meteomatics)'!J60,'METCM (Meteomatics)'!J69,'METCM (Meteomatics)'!J78,'METCM (Meteomatics)'!J87,'METCM (Meteomatics)'!J96,'METCM (Meteomatics)'!J105,'METCM (Meteomatics)'!J114,'METCM (Meteomatics)'!J123) -> 203.8018 | J67: =AVERAGE('METCM (Meteomatics)'!K6,'METCM (Meteomatics)'!K15,'METCM (Meteomatics)'!K24,'METCM (Meteomatics)'!K33,'METCM (Meteomatics)'!K42,'METCM (Meteomatics)'!K51,'METCM (Meteomatics)'!K60,'METCM (Meteomatics)'!K69,'METCM (Meteomatics)'!K78,'METCM (Meteomatics)'!K87,'METCM (Meteomatics)'!K96,'METCM (Meteomatics)'!K105,'METCM (Meteomatics)'!K114,'METCM (Meteomatics)'!K123) -> 38.665854 | K67: =AVERAGE('METCM (Meteomatics)'!J7,'METCM (Meteomatics)'!J16,'METCM (Meteomatics)'!J25,'METCM (Meteomatics)'!J34,'METCM (Meteomatics)'!J43,'METCM (Meteomatics)'!J52,'METCM (Meteomatics)'!J61,'METCM (Meteomatics)'!J70,'METCM (Meteomatics)'!J79,'METCM (Meteomatics)'!J88,'METCM (Meteomatics)'!J97,'METCM (Meteomatics)'!J106,'METCM (Meteomatics)'!J115,'METCM (Meteomatics)'!J124) -> 196.20519 | L67: =AVERAGE('METCM (Meteomatics)'!K7,'METCM (Meteomatics)'!K16,'METCM (Meteomatics)'!K25,'METCM (Meteomatics)'!K34,'METCM (Meteomatics)'!K43,'METCM (Meteomatics)'!K52,'METCM (Meteomatics)'!K61,'METCM (Meteomatics)'!K70,'METCM (Meteomatics)'!K79,'METCM (Meteomatics)'!K88,'METCM (Meteomatics)'!K97,'METCM (Meteomatics)'!K106,'METCM (Meteomatics)'!K115,'METCM (Meteomatics)'!K124) -> 38.435608 | M67: =AVERAGE('METCM (Meteomatics)'!J8,'METCM (Meteomatics)'!J17,'METCM (Meteomatics)'!J26,'METCM (Meteomatics)'!J35,'METCM (Meteomatics)'!J44,'METCM (Meteomatics)'!J53,'METCM (Meteomatics)'!J62,'METCM (Meteomatics)'!J71,'METCM (Meteomatics)'!J80,'METCM (Meteomatics)'!J89,'METCM (Meteomatics)'!J98,'METCM (Meteomatics)'!J107,'METCM (Meteomatics)'!J116,'METCM (Meteomatics)'!J125) -> 204.66875 | N67: =AVERAGE('METCM (Meteomatics)'!K8,'METCM (Meteomatics)'!K17,'METCM (Meteomatics)'!K26,'METCM (Meteomatics)'!K35,'METCM (Meteomatics)'!K44,'METCM (Meteomatics)'!K53,'METCM (Meteomatics)'!K62,'METCM (Meteomatics)'!K71,'METCM (Meteomatics)'!K80,'METCM (Meteomatics)'!K89,'METCM (Meteomatics)'!K98,'METCM (Meteomatics)'!K107,'METCM (Meteomatics)'!K116,'METCM (Meteomatics)'!K125) -> 39.005838
H68: Standardavvik (utvalg) | I68: =_xlfn.STDEV.S('METCM (Meteomatics)'!J6,'METCM (Meteomatics)'!J15,'METCM (Meteomatics)'!J24,'METCM (Meteomatics)'!J33,'METCM (Meteomatics)'!J42,'METCM (Meteomatics)'!J51,'METCM (Meteomatics)'!J60,'METCM (Meteomatics)'!J69,'METCM (Meteomatics)'!J78,'METCM (Meteomatics)'!J87,'METCM (Meteomatics)'!J96,'METCM (Meteomatics)'!J105,'METCM (Meteomatics)'!J114,'METCM (Meteomatics)'!J123) -> 76.04823 | J68: =_xlfn.STDEV.S('METCM (Meteomatics)'!K6,'METCM (Meteomatics)'!K15,'METCM (Meteomatics)'!K24,'METCM (Meteomatics)'!K33,'METCM (Meteomatics)'!K42,'METCM (Meteomatics)'!K51,'METCM (Meteomatics)'!K60,'METCM (Meteomatics)'!K69,'METCM (Meteomatics)'!K78,'METCM (Meteomatics)'!K87,'METCM (Meteomatics)'!K96,'METCM (Meteomatics)'!K105,'METCM (Meteomatics)'!K114,'METCM (Meteomatics)'!K123) -> 9.0434648 | K68: =_xlfn.STDEV.S('METCM (Meteomatics)'!J7,'METCM (Meteomatics)'!J16,'METCM (Meteomatics)'!J25,'METCM (Meteomatics)'!J34,'METCM (Meteomatics)'!J43,'METCM (Meteomatics)'!J52,'METCM (Meteomatics)'!J61,'METCM (Meteomatics)'!J70,'METCM (Meteomatics)'!J79,'METCM (Meteomatics)'!J88,'METCM (Meteomatics)'!J97,'METCM (Meteomatics)'!J106,'METCM (Meteomatics)'!J115,'METCM (Meteomatics)'!J124) -> 85.668969 | L68: =_xlfn.STDEV.S('METCM (Meteomatics)'!K7,'METCM (Meteomatics)'!K16,'METCM (Meteomatics)'!K25,'METCM (Meteomatics)'!K34,'METCM (Meteomatics)'!K43,'METCM (Meteomatics)'!K52,'METCM (Meteomatics)'!K61,'METCM (Meteomatics)'!K70,'METCM (Meteomatics)'!K79,'METCM (Meteomatics)'!K88,'METCM (Meteomatics)'!K97,'METCM (Meteomatics)'!K106,'METCM (Meteomatics)'!K115,'METCM (Meteomatics)'!K124) -> 9.4958094 | M68: =_xlfn.STDEV.S('METCM (Meteomatics)'!J8,'METCM (Meteomatics)'!J17,'METCM (Meteomatics)'!J26,'METCM (Meteomatics)'!J35,'METCM (Meteomatics)'!J44,'METCM (Meteomatics)'!J53,'METCM (Meteomatics)'!J62,'METCM (Meteomatics)'!J71,'METCM (Meteomatics)'!J80,'METCM (Meteomatics)'!J89,'METCM (Meteomatics)'!J98,'METCM (Meteomatics)'!J107,'METCM (Meteomatics)'!J116,'METCM (Meteomatics)'!J125) -> 81.354313 | N68: =_xlfn.STDEV.S('METCM (Meteomatics)'!K8,'METCM (Meteomatics)'!K17,'METCM (Meteomatics)'!K26,'METCM (Meteomatics)'!K35,'METCM (Meteomatics)'!K44,'METCM (Meteomatics)'!K53,'METCM (Meteomatics)'!K62,'METCM (Meteomatics)'!K71,'METCM (Meteomatics)'!K80,'METCM (Meteomatics)'!K89,'METCM (Meteomatics)'!K98,'METCM (Meteomatics)'!K107,'METCM (Meteomatics)'!K116,'METCM (Meteomatics)'!K125) -> 9.7698294
H69: Median | I69: =MEDIAN('METCM (Meteomatics)'!J6,'METCM (Meteomatics)'!J15,'METCM (Meteomatics)'!J24,'METCM (Meteomatics)'!J33,'METCM (Meteomatics)'!J42,'METCM (Meteomatics)'!J51,'METCM (Meteomatics)'!J60,'METCM (Meteomatics)'!J69,'METCM (Meteomatics)'!J78,'METCM (Meteomatics)'!J87,'METCM (Meteomatics)'!J96,'METCM (Meteomatics)'!J105,'METCM (Meteomatics)'!J114,'METCM (Meteomatics)'!J123) -> 183.89083 | J69: =MEDIAN('METCM (Meteomatics)'!K6,'METCM (Meteomatics)'!K15,'METCM (Meteomatics)'!K24,'METCM (Meteomatics)'!K33,'METCM (Meteomatics)'!K42,'METCM (Meteomatics)'!K51,'METCM (Meteomatics)'!K60,'METCM (Meteomatics)'!K69,'METCM (Meteomatics)'!K78,'METCM (Meteomatics)'!K87,'METCM (Meteomatics)'!K96,'METCM (Meteomatics)'!K105,'METCM (Meteomatics)'!K114,'METCM (Meteomatics)'!K123) -> 34.339542 | K69: =MEDIAN('METCM (Meteomatics)'!J7,'METCM (Meteomatics)'!J16,'METCM (Meteomatics)'!J25,'METCM (Meteomatics)'!J34,'METCM (Meteomatics)'!J43,'METCM (Meteomatics)'!J52,'METCM (Meteomatics)'!J61,'METCM (Meteomatics)'!J70,'METCM (Meteomatics)'!J79,'METCM (Meteomatics)'!J88,'METCM (Meteomatics)'!J97,'METCM (Meteomatics)'!J106,'METCM (Meteomatics)'!J115,'METCM (Meteomatics)'!J124) -> 184.23223 | L69: =MEDIAN('METCM (Meteomatics)'!K7,'METCM (Meteomatics)'!K16,'METCM (Meteomatics)'!K25,'METCM (Meteomatics)'!K34,'METCM (Meteomatics)'!K43,'METCM (Meteomatics)'!K52,'METCM (Meteomatics)'!K61,'METCM (Meteomatics)'!K70,'METCM (Meteomatics)'!K79,'METCM (Meteomatics)'!K88,'METCM (Meteomatics)'!K97,'METCM (Meteomatics)'!K106,'METCM (Meteomatics)'!K115,'METCM (Meteomatics)'!K124) -> 34.399207 | M69: =MEDIAN('METCM (Meteomatics)'!J8,'METCM (Meteomatics)'!J17,'METCM (Meteomatics)'!J26,'METCM (Meteomatics)'!J35,'METCM (Meteomatics)'!J44,'METCM (Meteomatics)'!J53,'METCM (Meteomatics)'!J62,'METCM (Meteomatics)'!J71,'METCM (Meteomatics)'!J80,'METCM (Meteomatics)'!J89,'METCM (Meteomatics)'!J98,'METCM (Meteomatics)'!J107,'METCM (Meteomatics)'!J116,'METCM (Meteomatics)'!J125) -> 191.7358 | N69: =MEDIAN('METCM (Meteomatics)'!K8,'METCM (Meteomatics)'!K17,'METCM (Meteomatics)'!K26,'METCM (Meteomatics)'!K35,'METCM (Meteomatics)'!K44,'METCM (Meteomatics)'!K53,'METCM (Meteomatics)'!K62,'METCM (Meteomatics)'!K71,'METCM (Meteomatics)'!K80,'METCM (Meteomatics)'!K89,'METCM (Meteomatics)'!K98,'METCM (Meteomatics)'!K107,'METCM (Meteomatics)'!K116,'METCM (Meteomatics)'!K125) -> 34.632793
H70: Q1 | I70: =_xlfn.QUARTILE.INC(('METCM (Meteomatics)'!J6,'METCM (Meteomatics)'!J15,'METCM (Meteomatics)'!J24,'METCM (Meteomatics)'!J33,'METCM (Meteomatics)'!J42,'METCM (Meteomatics)'!J51,'METCM (Meteomatics)'!J60,'METCM (Meteomatics)'!J69,'METCM (Meteomatics)'!J78,'METCM (Meteomatics)'!J87,'METCM (Meteomatics)'!J96,'METCM (Meteomatics)'!J105,'METCM (Meteomatics)'!J114,'METCM (Meteomatics)'!J123),1) -> 176.26924 | J70: =_xlfn.QUARTILE.INC(('METCM (Meteomatics)'!K6,'METCM (Meteomatics)'!K15,'METCM (Meteomatics)'!K24,'METCM (Meteomatics)'!K33,'METCM (Meteomatics)'!K42,'METCM (Meteomatics)'!K51,'METCM (Meteomatics)'!K60,'METCM (Meteomatics)'!K69,'METCM (Meteomatics)'!K78,'METCM (Meteomatics)'!K87,'METCM (Meteomatics)'!K96,'METCM (Meteomatics)'!K105,'METCM (Meteomatics)'!K114,'METCM (Meteomatics)'!K123),1) -> 31.944793 | K70: =_xlfn.QUARTILE.INC(('METCM (Meteomatics)'!J7,'METCM (Meteomatics)'!J16,'METCM (Meteomatics)'!J25,'METCM (Meteomatics)'!J34,'METCM (Meteomatics)'!J43,'METCM (Meteomatics)'!J52,'METCM (Meteomatics)'!J61,'METCM (Meteomatics)'!J70,'METCM (Meteomatics)'!J79,'METCM (Meteomatics)'!J88,'METCM (Meteomatics)'!J97,'METCM (Meteomatics)'!J106,'METCM (Meteomatics)'!J115,'METCM (Meteomatics)'!J124),1) -> 177.31299 | L70: =_xlfn.QUARTILE.INC(('METCM (Meteomatics)'!K7,'METCM (Meteomatics)'!K16,'METCM (Meteomatics)'!K25,'METCM (Meteomatics)'!K34,'METCM (Meteomatics)'!K43,'METCM (Meteomatics)'!K52,'METCM (Meteomatics)'!K61,'METCM (Meteomatics)'!K70,'METCM (Meteomatics)'!K79,'METCM (Meteomatics)'!K88,'METCM (Meteomatics)'!K97,'METCM (Meteomatics)'!K106,'METCM (Meteomatics)'!K115,'METCM (Meteomatics)'!K124),1) -> 31.759919 | M70: =_xlfn.QUARTILE.INC(('METCM (Meteomatics)'!J8,'METCM (Meteomatics)'!J17,'METCM (Meteomatics)'!J26,'METCM (Meteomatics)'!J35,'METCM (Meteomatics)'!J44,'METCM (Meteomatics)'!J53,'METCM (Meteomatics)'!J62,'METCM (Meteomatics)'!J71,'METCM (Meteomatics)'!J80,'METCM (Meteomatics)'!J89,'METCM (Meteomatics)'!J98,'METCM (Meteomatics)'!J107,'METCM (Meteomatics)'!J116,'METCM (Meteomatics)'!J125),1) -> 184.53058 | N70: =_xlfn.QUARTILE.INC(('METCM (Meteomatics)'!K8,'METCM (Meteomatics)'!K17,'METCM (Meteomatics)'!K26,'METCM (Meteomatics)'!K35,'METCM (Meteomatics)'!K44,'METCM (Meteomatics)'!K53,'METCM (Meteomatics)'!K62,'METCM (Meteomatics)'!K71,'METCM (Meteomatics)'!K80,'METCM (Meteomatics)'!K89,'METCM (Meteomatics)'!K98,'METCM (Meteomatics)'!K107,'METCM (Meteomatics)'!K116,'METCM (Meteomatics)'!K125),1) -> 31.922079
H71: Q3 | I71: =_xlfn.QUARTILE.INC(('METCM (Meteomatics)'!J6,'METCM (Meteomatics)'!J15,'METCM (Meteomatics)'!J24,'METCM (Meteomatics)'!J33,'METCM (Meteomatics)'!J42,'METCM (Meteomatics)'!J51,'METCM (Meteomatics)'!J60,'METCM (Meteomatics)'!J69,'METCM (Meteomatics)'!J78,'METCM (Meteomatics)'!J87,'METCM (Meteomatics)'!J96,'METCM (Meteomatics)'!J105,'METCM (Meteomatics)'!J114,'METCM (Meteomatics)'!J123),3) -> 194.22724 | J71: =_xlfn.QUARTILE.INC(('METCM (Meteomatics)'!K6,'METCM (Meteomatics)'!K15,'METCM (Meteomatics)'!K24,'METCM (Meteomatics)'!K33,'METCM (Meteomatics)'!K42,'METCM (Meteomatics)'!K51,'METCM (Meteomatics)'!K60,'METCM (Meteomatics)'!K69,'METCM (Meteomatics)'!K78,'METCM (Meteomatics)'!K87,'METCM (Meteomatics)'!K96,'METCM (Meteomatics)'!K105,'METCM (Meteomatics)'!K114,'METCM (Meteomatics)'!K123),3) -> 45.285232 | K71: =_xlfn.QUARTILE.INC(('METCM (Meteomatics)'!J7,'METCM (Meteomatics)'!J16,'METCM (Meteomatics)'!J25,'METCM (Meteomatics)'!J34,'METCM (Meteomatics)'!J43,'METCM (Meteomatics)'!J52,'METCM (Meteomatics)'!J61,'METCM (Meteomatics)'!J70,'METCM (Meteomatics)'!J79,'METCM (Meteomatics)'!J88,'METCM (Meteomatics)'!J97,'METCM (Meteomatics)'!J106,'METCM (Meteomatics)'!J115,'METCM (Meteomatics)'!J124),3) -> 196.16619 | L71: =_xlfn.QUARTILE.INC(('METCM (Meteomatics)'!K7,'METCM (Meteomatics)'!K16,'METCM (Meteomatics)'!K25,'METCM (Meteomatics)'!K34,'METCM (Meteomatics)'!K43,'METCM (Meteomatics)'!K52,'METCM (Meteomatics)'!K61,'METCM (Meteomatics)'!K70,'METCM (Meteomatics)'!K79,'METCM (Meteomatics)'!K88,'METCM (Meteomatics)'!K97,'METCM (Meteomatics)'!K106,'METCM (Meteomatics)'!K115,'METCM (Meteomatics)'!K124),3) -> 45.475065 | M71: =_xlfn.QUARTILE.INC(('METCM (Meteomatics)'!J8,'METCM (Meteomatics)'!J17,'METCM (Meteomatics)'!J26,'METCM (Meteomatics)'!J35,'METCM (Meteomatics)'!J44,'METCM (Meteomatics)'!J53,'METCM (Meteomatics)'!J62,'METCM (Meteomatics)'!J71,'METCM (Meteomatics)'!J80,'METCM (Meteomatics)'!J89,'METCM (Meteomatics)'!J98,'METCM (Meteomatics)'!J107,'METCM (Meteomatics)'!J116,'METCM (Meteomatics)'!J125),3) -> 203.71749 | N71: =_xlfn.QUARTILE.INC(('METCM (Meteomatics)'!K8,'METCM (Meteomatics)'!K17,'METCM (Meteomatics)'!K26,'METCM (Meteomatics)'!K35,'METCM (Meteomatics)'!K44,'METCM (Meteomatics)'!K53,'METCM (Meteomatics)'!K62,'METCM (Meteomatics)'!K71,'METCM (Meteomatics)'!K80,'METCM (Meteomatics)'!K89,'METCM (Meteomatics)'!K98,'METCM (Meteomatics)'!K107,'METCM (Meteomatics)'!K116,'METCM (Meteomatics)'!K125),3) -> 46.030259
H72: IQR | I72: =I71-I70 -> 17.958002 | J72: =J71-J70 -> 13.340439 | K72: =K71-K70 -> 18.853204 | L72: =L71-L70 -> 13.715146 | M72: =M71-M70 -> 19.186912 | N72: =N71-N70 -> 14.10818
H73: 95% KI - nedre | I73: =I67-_xlfn.CONFIDENCE.T(0.05,I68,I66) -> 159.89285 | J73: =J67-_xlfn.CONFIDENCE.T(0.05,J68,J66) -> 33.444313 | K73: =K67-_xlfn.CONFIDENCE.T(0.05,K68,K66) -> 146.7414 | L73: =L67-_xlfn.CONFIDENCE.T(0.05,L68,L66) -> 32.952891 | M73: =M67-_xlfn.CONFIDENCE.T(0.05,M68,M66) -> 157.69617 | N73: =N67-_xlfn.CONFIDENCE.T(0.05,N68,N66) -> 33.364906
H74: 95% KI - øvre | I74: =I67+_xlfn.CONFIDENCE.T(0.05,I68,I66) -> 247.71074 | J74: =J67+_xlfn.CONFIDENCE.T(0.05,J68,J66) -> 43.887395 | K74: =K67+_xlfn.CONFIDENCE.T(0.05,K68,K66) -> 245.66898 | L74: =L67+_xlfn.CONFIDENCE.T(0.05,L68,L66) -> 43.918325 | M74: =M67+_xlfn.CONFIDENCE.T(0.05,M68,M66) -> 251.64133 | N74: =N67+_xlfn.CONFIDENCE.T(0.05,N68,N66) -> 44.64677
E75: AA0003 | H75: n (antall) | I75: =COUNT('METCM (Meteomatics)'!J9,'METCM (Meteomatics)'!J18,'METCM (Meteomatics)'!J27,'METCM (Meteomatics)'!J36,'METCM (Meteomatics)'!J45,'METCM (Meteomatics)'!J54,'METCM (Meteomatics)'!J63,'METCM (Meteomatics)'!J72,'METCM (Meteomatics)'!J81,'METCM (Meteomatics)'!J90,'METCM (Meteomatics)'!J99,'METCM (Meteomatics)'!J108,'METCM (Meteomatics)'!J117,'METCM (Meteomatics)'!J126) -> 14 | J75: =COUNT('METCM (Meteomatics)'!K9,'METCM (Meteomatics)'!K18,'METCM (Meteomatics)'!K27,'METCM (Meteomatics)'!K36,'METCM (Meteomatics)'!K45,'METCM (Meteomatics)'!K54,'METCM (Meteomatics)'!K63,'METCM (Meteomatics)'!K72,'METCM (Meteomatics)'!K81,'METCM (Meteomatics)'!K90,'METCM (Meteomatics)'!K99,'METCM (Meteomatics)'!K108,'METCM (Meteomatics)'!K117,'METCM (Meteomatics)'!K126) -> 14 | K75: =COUNT('METCM (Meteomatics)'!J10,'METCM (Meteomatics)'!J19,'METCM (Meteomatics)'!J28,'METCM (Meteomatics)'!J37,'METCM (Meteomatics)'!J46,'METCM (Meteomatics)'!J55,'METCM (Meteomatics)'!J64,'METCM (Meteomatics)'!J73,'METCM (Meteomatics)'!J82,'METCM (Meteomatics)'!J91,'METCM (Meteomatics)'!J100,'METCM (Meteomatics)'!J109,'METCM (Meteomatics)'!J118,'METCM (Meteomatics)'!J127) -> 14 | L75: =COUNT('METCM (Meteomatics)'!K10,'METCM (Meteomatics)'!K19,'METCM (Meteomatics)'!K28,'METCM (Meteomatics)'!K37,'METCM (Meteomatics)'!K46,'METCM (Meteomatics)'!K55,'METCM (Meteomatics)'!K64,'METCM (Meteomatics)'!K73,'METCM (Meteomatics)'!K82,'METCM (Meteomatics)'!K91,'METCM (Meteomatics)'!K100,'METCM (Meteomatics)'!K109,'METCM (Meteomatics)'!K118,'METCM (Meteomatics)'!K127) -> 14 | M75: =COUNT('METCM (Meteomatics)'!J11,'METCM (Meteomatics)'!J20,'METCM (Meteomatics)'!J29,'METCM (Meteomatics)'!J38,'METCM (Meteomatics)'!J47,'METCM (Meteomatics)'!J56,'METCM (Meteomatics)'!J65,'METCM (Meteomatics)'!J74,'METCM (Meteomatics)'!J83,'METCM (Meteomatics)'!J92,'METCM (Meteomatics)'!J101,'METCM (Meteomatics)'!J110,'METCM (Meteomatics)'!J119,'METCM (Meteomatics)'!J128) -> 14 | N75: =COUNT('METCM (Meteomatics)'!K11,'METCM (Meteomatics)'!K20,'METCM (Meteomatics)'!K29,'METCM (Meteomatics)'!K38,'METCM (Meteomatics)'!K47,'METCM (Meteomatics)'!K56,'METCM (Meteomatics)'!K65,'METCM (Meteomatics)'!K74,'METCM (Meteomatics)'!K83,'METCM (Meteomatics)'!K92,'METCM (Meteomatics)'!K101,'METCM (Meteomatics)'!K110,'METCM (Meteomatics)'!K119,'METCM (Meteomatics)'!K128) -> 14
H76: Gjennomsnitt | I76: =AVERAGE('METCM (Meteomatics)'!J9,'METCM (Meteomatics)'!J18,'METCM (Meteomatics)'!J27,'METCM (Meteomatics)'!J36,'METCM (Meteomatics)'!J45,'METCM (Meteomatics)'!J54,'METCM (Meteomatics)'!J63,'METCM (Meteomatics)'!J72,'METCM (Meteomatics)'!J81,'METCM (Meteomatics)'!J90,'METCM (Meteomatics)'!J99,'METCM (Meteomatics)'!J108,'METCM (Meteomatics)'!J117,'METCM (Meteomatics)'!J126) -> 374.30245 | J76: =AVERAGE('METCM (Meteomatics)'!K9,'METCM (Meteomatics)'!K18,'METCM (Meteomatics)'!K27,'METCM (Meteomatics)'!K36,'METCM (Meteomatics)'!K45,'METCM (Meteomatics)'!K54,'METCM (Meteomatics)'!K63,'METCM (Meteomatics)'!K72,'METCM (Meteomatics)'!K81,'METCM (Meteomatics)'!K90,'METCM (Meteomatics)'!K99,'METCM (Meteomatics)'!K108,'METCM (Meteomatics)'!K117,'METCM (Meteomatics)'!K126) -> 48.458942 | K76: =AVERAGE('METCM (Meteomatics)'!J10,'METCM (Meteomatics)'!J19,'METCM (Meteomatics)'!J28,'METCM (Meteomatics)'!J37,'METCM (Meteomatics)'!J46,'METCM (Meteomatics)'!J55,'METCM (Meteomatics)'!J64,'METCM (Meteomatics)'!J73,'METCM (Meteomatics)'!J82,'METCM (Meteomatics)'!J91,'METCM (Meteomatics)'!J100,'METCM (Meteomatics)'!J109,'METCM (Meteomatics)'!J118,'METCM (Meteomatics)'!J127) -> 358.74974 | L76: =AVERAGE('METCM (Meteomatics)'!K10,'METCM (Meteomatics)'!K19,'METCM (Meteomatics)'!K28,'METCM (Meteomatics)'!K37,'METCM (Meteomatics)'!K46,'METCM (Meteomatics)'!K55,'METCM (Meteomatics)'!K64,'METCM (Meteomatics)'!K73,'METCM (Meteomatics)'!K82,'METCM (Meteomatics)'!K91,'METCM (Meteomatics)'!K100,'METCM (Meteomatics)'!K109,'METCM (Meteomatics)'!K118,'METCM (Meteomatics)'!K127) -> 48.287473 | M76: =AVERAGE('METCM (Meteomatics)'!J11,'METCM (Meteomatics)'!J20,'METCM (Meteomatics)'!J29,'METCM (Meteomatics)'!J38,'METCM (Meteomatics)'!J47,'METCM (Meteomatics)'!J56,'METCM (Meteomatics)'!J65,'METCM (Meteomatics)'!J74,'METCM (Meteomatics)'!J83,'METCM (Meteomatics)'!J92,'METCM (Meteomatics)'!J101,'METCM (Meteomatics)'!J110,'METCM (Meteomatics)'!J119,'METCM (Meteomatics)'!J128) -> 375.81425 | N76: =AVERAGE('METCM (Meteomatics)'!K11,'METCM (Meteomatics)'!K20,'METCM (Meteomatics)'!K29,'METCM (Meteomatics)'!K38,'METCM (Meteomatics)'!K47,'METCM (Meteomatics)'!K56,'METCM (Meteomatics)'!K65,'METCM (Meteomatics)'!K74,'METCM (Meteomatics)'!K83,'METCM (Meteomatics)'!K92,'METCM (Meteomatics)'!K101,'METCM (Meteomatics)'!K110,'METCM (Meteomatics)'!K119,'METCM (Meteomatics)'!K128) -> 48.866597
H77: Standardavvik (utvalg) | I77: =_xlfn.STDEV.S('METCM (Meteomatics)'!J9,'METCM (Meteomatics)'!J18,'METCM (Meteomatics)'!J27,'METCM (Meteomatics)'!J36,'METCM (Meteomatics)'!J45,'METCM (Meteomatics)'!J54,'METCM (Meteomatics)'!J63,'METCM (Meteomatics)'!J72,'METCM (Meteomatics)'!J81,'METCM (Meteomatics)'!J90,'METCM (Meteomatics)'!J99,'METCM (Meteomatics)'!J108,'METCM (Meteomatics)'!J117,'METCM (Meteomatics)'!J126) -> 150.03298 | J77: =_xlfn.STDEV.S('METCM (Meteomatics)'!K9,'METCM (Meteomatics)'!K18,'METCM (Meteomatics)'!K27,'METCM (Meteomatics)'!K36,'METCM (Meteomatics)'!K45,'METCM (Meteomatics)'!K54,'METCM (Meteomatics)'!K63,'METCM (Meteomatics)'!K72,'METCM (Meteomatics)'!K81,'METCM (Meteomatics)'!K90,'METCM (Meteomatics)'!K99,'METCM (Meteomatics)'!K108,'METCM (Meteomatics)'!K117,'METCM (Meteomatics)'!K126) -> 9.714383 | K77: =_xlfn.STDEV.S('METCM (Meteomatics)'!J10,'METCM (Meteomatics)'!J19,'METCM (Meteomatics)'!J28,'METCM (Meteomatics)'!J37,'METCM (Meteomatics)'!J46,'METCM (Meteomatics)'!J55,'METCM (Meteomatics)'!J64,'METCM (Meteomatics)'!J73,'METCM (Meteomatics)'!J82,'METCM (Meteomatics)'!J91,'METCM (Meteomatics)'!J100,'METCM (Meteomatics)'!J109,'METCM (Meteomatics)'!J118,'METCM (Meteomatics)'!J127) -> 169.03383 | L77: =_xlfn.STDEV.S('METCM (Meteomatics)'!K10,'METCM (Meteomatics)'!K19,'METCM (Meteomatics)'!K28,'METCM (Meteomatics)'!K37,'METCM (Meteomatics)'!K46,'METCM (Meteomatics)'!K55,'METCM (Meteomatics)'!K64,'METCM (Meteomatics)'!K73,'METCM (Meteomatics)'!K82,'METCM (Meteomatics)'!K91,'METCM (Meteomatics)'!K100,'METCM (Meteomatics)'!K109,'METCM (Meteomatics)'!K118,'METCM (Meteomatics)'!K127) -> 10.151922 | M77: =_xlfn.STDEV.S('METCM (Meteomatics)'!J11,'METCM (Meteomatics)'!J20,'METCM (Meteomatics)'!J29,'METCM (Meteomatics)'!J38,'METCM (Meteomatics)'!J47,'METCM (Meteomatics)'!J56,'METCM (Meteomatics)'!J65,'METCM (Meteomatics)'!J74,'METCM (Meteomatics)'!J83,'METCM (Meteomatics)'!J92,'METCM (Meteomatics)'!J101,'METCM (Meteomatics)'!J110,'METCM (Meteomatics)'!J119,'METCM (Meteomatics)'!J128) -> 159.40978 | N77: =_xlfn.STDEV.S('METCM (Meteomatics)'!K11,'METCM (Meteomatics)'!K20,'METCM (Meteomatics)'!K29,'METCM (Meteomatics)'!K38,'METCM (Meteomatics)'!K47,'METCM (Meteomatics)'!K56,'METCM (Meteomatics)'!K65,'METCM (Meteomatics)'!K74,'METCM (Meteomatics)'!K83,'METCM (Meteomatics)'!K92,'METCM (Meteomatics)'!K101,'METCM (Meteomatics)'!K110,'METCM (Meteomatics)'!K119,'METCM (Meteomatics)'!K128) -> 10.544347
H78: Median | I78: =MEDIAN('METCM (Meteomatics)'!J9,'METCM (Meteomatics)'!J18,'METCM (Meteomatics)'!J27,'METCM (Meteomatics)'!J36,'METCM (Meteomatics)'!J45,'METCM (Meteomatics)'!J54,'METCM (Meteomatics)'!J63,'METCM (Meteomatics)'!J72,'METCM (Meteomatics)'!J81,'METCM (Meteomatics)'!J90,'METCM (Meteomatics)'!J99,'METCM (Meteomatics)'!J108,'METCM (Meteomatics)'!J117,'METCM (Meteomatics)'!J126) -> 332.01293 | J78: =MEDIAN('METCM (Meteomatics)'!K9,'METCM (Meteomatics)'!K18,'METCM (Meteomatics)'!K27,'METCM (Meteomatics)'!K36,'METCM (Meteomatics)'!K45,'METCM (Meteomatics)'!K54,'METCM (Meteomatics)'!K63,'METCM (Meteomatics)'!K72,'METCM (Meteomatics)'!K81,'METCM (Meteomatics)'!K90,'METCM (Meteomatics)'!K99,'METCM (Meteomatics)'!K108,'METCM (Meteomatics)'!K117,'METCM (Meteomatics)'!K126) -> 44.093702 | K78: =MEDIAN('METCM (Meteomatics)'!J10,'METCM (Meteomatics)'!J19,'METCM (Meteomatics)'!J28,'METCM (Meteomatics)'!J37,'METCM (Meteomatics)'!J46,'METCM (Meteomatics)'!J55,'METCM (Meteomatics)'!J64,'METCM (Meteomatics)'!J73,'METCM (Meteomatics)'!J82,'METCM (Meteomatics)'!J91,'METCM (Meteomatics)'!J100,'METCM (Meteomatics)'!J109,'METCM (Meteomatics)'!J118,'METCM (Meteomatics)'!J127) -> 333.72066 | L78: =MEDIAN('METCM (Meteomatics)'!K10,'METCM (Meteomatics)'!K19,'METCM (Meteomatics)'!K28,'METCM (Meteomatics)'!K37,'METCM (Meteomatics)'!K46,'METCM (Meteomatics)'!K55,'METCM (Meteomatics)'!K64,'METCM (Meteomatics)'!K73,'METCM (Meteomatics)'!K82,'METCM (Meteomatics)'!K91,'METCM (Meteomatics)'!K100,'METCM (Meteomatics)'!K109,'METCM (Meteomatics)'!K118,'METCM (Meteomatics)'!K127) -> 44.164168 | M78: =MEDIAN('METCM (Meteomatics)'!J11,'METCM (Meteomatics)'!J20,'METCM (Meteomatics)'!J29,'METCM (Meteomatics)'!J38,'METCM (Meteomatics)'!J47,'METCM (Meteomatics)'!J56,'METCM (Meteomatics)'!J65,'METCM (Meteomatics)'!J74,'METCM (Meteomatics)'!J83,'METCM (Meteomatics)'!J92,'METCM (Meteomatics)'!J101,'METCM (Meteomatics)'!J110,'METCM (Meteomatics)'!J119,'METCM (Meteomatics)'!J128) -> 347.81802 | N78: =MEDIAN('METCM (Meteomatics)'!K11,'METCM (Meteomatics)'!K20,'METCM (Meteomatics)'!K29,'METCM (Meteomatics)'!K38,'METCM (Meteomatics)'!K47,'METCM (Meteomatics)'!K56,'METCM (Meteomatics)'!K65,'METCM (Meteomatics)'!K74,'METCM (Meteomatics)'!K83,'METCM (Meteomatics)'!K92,'METCM (Meteomatics)'!K101,'METCM (Meteomatics)'!K110,'METCM (Meteomatics)'!K119,'METCM (Meteomatics)'!K128) -> 44.439391
H79: Q1 | I79: =_xlfn.QUARTILE.INC(('METCM (Meteomatics)'!J9,'METCM (Meteomatics)'!J18,'METCM (Meteomatics)'!J27,'METCM (Meteomatics)'!J36,'METCM (Meteomatics)'!J45,'METCM (Meteomatics)'!J54,'METCM (Meteomatics)'!J63,'METCM (Meteomatics)'!J72,'METCM (Meteomatics)'!J81,'METCM (Meteomatics)'!J90,'METCM (Meteomatics)'!J99,'METCM (Meteomatics)'!J108,'METCM (Meteomatics)'!J117,'METCM (Meteomatics)'!J126),1) -> 326.71575 | J79: =_xlfn.QUARTILE.INC(('METCM (Meteomatics)'!K9,'METCM (Meteomatics)'!K18,'METCM (Meteomatics)'!K27,'METCM (Meteomatics)'!K36,'METCM (Meteomatics)'!K45,'METCM (Meteomatics)'!K54,'METCM (Meteomatics)'!K63,'METCM (Meteomatics)'!K72,'METCM (Meteomatics)'!K81,'METCM (Meteomatics)'!K90,'METCM (Meteomatics)'!K99,'METCM (Meteomatics)'!K108,'METCM (Meteomatics)'!K117,'METCM (Meteomatics)'!K126),1) -> 41.229898 | K79: =_xlfn.QUARTILE.INC(('METCM (Meteomatics)'!J10,'METCM (Meteomatics)'!J19,'METCM (Meteomatics)'!J28,'METCM (Meteomatics)'!J37,'METCM (Meteomatics)'!J46,'METCM (Meteomatics)'!J55,'METCM (Meteomatics)'!J64,'METCM (Meteomatics)'!J73,'METCM (Meteomatics)'!J82,'METCM (Meteomatics)'!J91,'METCM (Meteomatics)'!J100,'METCM (Meteomatics)'!J109,'METCM (Meteomatics)'!J118,'METCM (Meteomatics)'!J127),1) -> 327.67563 | L79: =_xlfn.QUARTILE.INC(('METCM (Meteomatics)'!K10,'METCM (Meteomatics)'!K19,'METCM (Meteomatics)'!K28,'METCM (Meteomatics)'!K37,'METCM (Meteomatics)'!K46,'METCM (Meteomatics)'!K55,'METCM (Meteomatics)'!K64,'METCM (Meteomatics)'!K73,'METCM (Meteomatics)'!K82,'METCM (Meteomatics)'!K91,'METCM (Meteomatics)'!K100,'METCM (Meteomatics)'!K109,'METCM (Meteomatics)'!K118,'METCM (Meteomatics)'!K127),1) -> 41.03132 | M79: =_xlfn.QUARTILE.INC(('METCM (Meteomatics)'!J11,'METCM (Meteomatics)'!J20,'METCM (Meteomatics)'!J29,'METCM (Meteomatics)'!J38,'METCM (Meteomatics)'!J47,'METCM (Meteomatics)'!J56,'METCM (Meteomatics)'!J65,'METCM (Meteomatics)'!J74,'METCM (Meteomatics)'!J83,'METCM (Meteomatics)'!J92,'METCM (Meteomatics)'!J101,'METCM (Meteomatics)'!J110,'METCM (Meteomatics)'!J119,'METCM (Meteomatics)'!J128),1) -> 342.1738 | N79: =_xlfn.QUARTILE.INC(('METCM (Meteomatics)'!K11,'METCM (Meteomatics)'!K20,'METCM (Meteomatics)'!K29,'METCM (Meteomatics)'!K38,'METCM (Meteomatics)'!K47,'METCM (Meteomatics)'!K56,'METCM (Meteomatics)'!K65,'METCM (Meteomatics)'!K74,'METCM (Meteomatics)'!K83,'METCM (Meteomatics)'!K92,'METCM (Meteomatics)'!K101,'METCM (Meteomatics)'!K110,'METCM (Meteomatics)'!K119,'METCM (Meteomatics)'!K128),1) -> 41.237911
H80: Q3 | I80: =_xlfn.QUARTILE.INC(('METCM (Meteomatics)'!J9,'METCM (Meteomatics)'!J18,'METCM (Meteomatics)'!J27,'METCM (Meteomatics)'!J36,'METCM (Meteomatics)'!J45,'METCM (Meteomatics)'!J54,'METCM (Meteomatics)'!J63,'METCM (Meteomatics)'!J72,'METCM (Meteomatics)'!J81,'METCM (Meteomatics)'!J90,'METCM (Meteomatics)'!J99,'METCM (Meteomatics)'!J108,'METCM (Meteomatics)'!J117,'METCM (Meteomatics)'!J126),3) -> 341.24299 | J80: =_xlfn.QUARTILE.INC(('METCM (Meteomatics)'!K9,'METCM (Meteomatics)'!K18,'METCM (Meteomatics)'!K27,'METCM (Meteomatics)'!K36,'METCM (Meteomatics)'!K45,'METCM (Meteomatics)'!K54,'METCM (Meteomatics)'!K63,'METCM (Meteomatics)'!K72,'METCM (Meteomatics)'!K81,'METCM (Meteomatics)'!K90,'METCM (Meteomatics)'!K99,'METCM (Meteomatics)'!K108,'METCM (Meteomatics)'!K117,'METCM (Meteomatics)'!K126),3) -> 56.030664 | K80: =_xlfn.QUARTILE.INC(('METCM (Meteomatics)'!J10,'METCM (Meteomatics)'!J19,'METCM (Meteomatics)'!J28,'METCM (Meteomatics)'!J37,'METCM (Meteomatics)'!J46,'METCM (Meteomatics)'!J55,'METCM (Meteomatics)'!J64,'METCM (Meteomatics)'!J73,'METCM (Meteomatics)'!J82,'METCM (Meteomatics)'!J91,'METCM (Meteomatics)'!J100,'METCM (Meteomatics)'!J109,'METCM (Meteomatics)'!J118,'METCM (Meteomatics)'!J127),3) -> 339.4403 | L80: =_xlfn.QUARTILE.INC(('METCM (Meteomatics)'!K10,'METCM (Meteomatics)'!K19,'METCM (Meteomatics)'!K28,'METCM (Meteomatics)'!K37,'METCM (Meteomatics)'!K46,'METCM (Meteomatics)'!K55,'METCM (Meteomatics)'!K64,'METCM (Meteomatics)'!K73,'METCM (Meteomatics)'!K82,'METCM (Meteomatics)'!K91,'METCM (Meteomatics)'!K100,'METCM (Meteomatics)'!K109,'METCM (Meteomatics)'!K118,'METCM (Meteomatics)'!K127),3) -> 56.278768 | M80: =_xlfn.QUARTILE.INC(('METCM (Meteomatics)'!J11,'METCM (Meteomatics)'!J20,'METCM (Meteomatics)'!J29,'METCM (Meteomatics)'!J38,'METCM (Meteomatics)'!J47,'METCM (Meteomatics)'!J56,'METCM (Meteomatics)'!J65,'METCM (Meteomatics)'!J74,'METCM (Meteomatics)'!J83,'METCM (Meteomatics)'!J92,'METCM (Meteomatics)'!J101,'METCM (Meteomatics)'!J110,'METCM (Meteomatics)'!J119,'METCM (Meteomatics)'!J128),3) -> 353.59008 | N80: =_xlfn.QUARTILE.INC(('METCM (Meteomatics)'!K11,'METCM (Meteomatics)'!K20,'METCM (Meteomatics)'!K29,'METCM (Meteomatics)'!K38,'METCM (Meteomatics)'!K47,'METCM (Meteomatics)'!K56,'METCM (Meteomatics)'!K65,'METCM (Meteomatics)'!K74,'METCM (Meteomatics)'!K83,'METCM (Meteomatics)'!K92,'METCM (Meteomatics)'!K101,'METCM (Meteomatics)'!K110,'METCM (Meteomatics)'!K119,'METCM (Meteomatics)'!K128),3) -> 57.242753
H81: IQR | I81: =I80-I79 -> 14.527244 | J81: =J80-J79 -> 14.800766 | K81: =K80-K79 -> 11.764667 | L81: =L80-L79 -> 15.247447 | M81: =M80-M79 -> 11.416281 | N81: =N80-N79 -> 16.004842
H82: 95% KI - nedre | I82: =I76-_xlfn.CONFIDENCE.T(0.05,I77,I75) -> 287.67599 | J82: =J76-_xlfn.CONFIDENCE.T(0.05,J77,J75) -> 42.850024 | K82: =K76-_xlfn.CONFIDENCE.T(0.05,K77,K75) -> 261.15251 | L82: =L76-_xlfn.CONFIDENCE.T(0.05,L77,L75) -> 42.425928 | M82: =M76-_xlfn.CONFIDENCE.T(0.05,M77,M75) -> 283.77378 | N82: =N76-_xlfn.CONFIDENCE.T(0.05,N77,N75) -> 42.778472
H83: 95% KI - øvre | I83: =I76+_xlfn.CONFIDENCE.T(0.05,I77,I75) -> 460.92892 | J83: =J76+_xlfn.CONFIDENCE.T(0.05,J77,J75) -> 54.067859 | K83: =K76+_xlfn.CONFIDENCE.T(0.05,K77,K75) -> 456.34696 | L83: =L76+_xlfn.CONFIDENCE.T(0.05,L77,L75) -> 54.149018 | M83: =M76+_xlfn.CONFIDENCE.T(0.05,M77,M75) -> 467.85471 | N83: =N76+_xlfn.CONFIDENCE.T(0.05,N77,N75) -> 54.954722
B84: Firing pos. Setermoen | C84: CM pos. Setermoen | D84: METCM (from METGM) | E84: AA0001 | F84: 06-11. MAY 26 | G84: 15990 | H84: n (antall) | I84: =COUNT('METCM (from METGM)'!J3,'METCM (from METGM)'!J12,'METCM (from METGM)'!J21,'METCM (from METGM)'!J30,'METCM (from METGM)'!J39,'METCM (from METGM)'!J48) -> 6 | J84: =COUNT('METCM (from METGM)'!K3,'METCM (from METGM)'!K12,'METCM (from METGM)'!K21,'METCM (from METGM)'!K30,'METCM (from METGM)'!K39,'METCM (from METGM)'!K48) -> 6 | K84: =COUNT('METCM (from METGM)'!J4,'METCM (from METGM)'!J13,'METCM (from METGM)'!J22,'METCM (from METGM)'!J31,'METCM (from METGM)'!J40,'METCM (from METGM)'!J49) -> 6 | L84: =COUNT('METCM (from METGM)'!K4,'METCM (from METGM)'!K13,'METCM (from METGM)'!K22,'METCM (from METGM)'!K31,'METCM (from METGM)'!K40,'METCM (from METGM)'!K49) -> 6 | M84: =COUNT('METCM (from METGM)'!J5,'METCM (from METGM)'!J14,'METCM (from METGM)'!J23,'METCM (from METGM)'!J32,'METCM (from METGM)'!J41,'METCM (from METGM)'!J50) -> 6 | N84: =COUNT('METCM (from METGM)'!K5,'METCM (from METGM)'!K14,'METCM (from METGM)'!K23,'METCM (from METGM)'!K32,'METCM (from METGM)'!K41,'METCM (from METGM)'!K50) -> 6
H85: Gjennomsnitt | I85: =AVERAGE('METCM (from METGM)'!J3,'METCM (from METGM)'!J12,'METCM (from METGM)'!J21,'METCM (from METGM)'!J30,'METCM (from METGM)'!J39,'METCM (from METGM)'!J48) -> 59.818831 | J85: =AVERAGE('METCM (from METGM)'!K3,'METCM (from METGM)'!K12,'METCM (from METGM)'!K21,'METCM (from METGM)'!K30,'METCM (from METGM)'!K39,'METCM (from METGM)'!K48) -> 21.365848 | K85: =AVERAGE('METCM (from METGM)'!J4,'METCM (from METGM)'!J13,'METCM (from METGM)'!J22,'METCM (from METGM)'!J31,'METCM (from METGM)'!J40,'METCM (from METGM)'!J49) -> 59.702121 | L85: =AVERAGE('METCM (from METGM)'!K4,'METCM (from METGM)'!K13,'METCM (from METGM)'!K22,'METCM (from METGM)'!K31,'METCM (from METGM)'!K40,'METCM (from METGM)'!K49) -> 21.372689 | M85: =AVERAGE('METCM (from METGM)'!J5,'METCM (from METGM)'!J14,'METCM (from METGM)'!J23,'METCM (from METGM)'!J32,'METCM (from METGM)'!J41,'METCM (from METGM)'!J50) -> 56.697876 | N85: =AVERAGE('METCM (from METGM)'!K5,'METCM (from METGM)'!K14,'METCM (from METGM)'!K23,'METCM (from METGM)'!K32,'METCM (from METGM)'!K41,'METCM (from METGM)'!K50) -> 21.343947
H86: Standardavvik (utvalg) | I86: =_xlfn.STDEV.S('METCM (from METGM)'!J3,'METCM (from METGM)'!J12,'METCM (from METGM)'!J21,'METCM (from METGM)'!J30,'METCM (from METGM)'!J39,'METCM (from METGM)'!J48) -> 1.5828604 | J86: =_xlfn.STDEV.S('METCM (from METGM)'!K3,'METCM (from METGM)'!K12,'METCM (from METGM)'!K21,'METCM (from METGM)'!K30,'METCM (from METGM)'!K39,'METCM (from METGM)'!K48) -> 0.51651672 | K86: =_xlfn.STDEV.S('METCM (from METGM)'!J4,'METCM (from METGM)'!J13,'METCM (from METGM)'!J22,'METCM (from METGM)'!J31,'METCM (from METGM)'!J40,'METCM (from METGM)'!J49) -> 1.7431824 | L86: =_xlfn.STDEV.S('METCM (from METGM)'!K4,'METCM (from METGM)'!K13,'METCM (from METGM)'!K22,'METCM (from METGM)'!K31,'METCM (from METGM)'!K40,'METCM (from METGM)'!K49) -> 0.5278387 | M86: =_xlfn.STDEV.S('METCM (from METGM)'!J5,'METCM (from METGM)'!J14,'METCM (from METGM)'!J23,'METCM (from METGM)'!J32,'METCM (from METGM)'!J41,'METCM (from METGM)'!J50) -> 7.2051192 | N86: =_xlfn.STDEV.S('METCM (from METGM)'!K5,'METCM (from METGM)'!K14,'METCM (from METGM)'!K23,'METCM (from METGM)'!K32,'METCM (from METGM)'!K41,'METCM (from METGM)'!K50) -> 0.62551344
H87: Median | I87: =MEDIAN('METCM (from METGM)'!J3,'METCM (from METGM)'!J12,'METCM (from METGM)'!J21,'METCM (from METGM)'!J30,'METCM (from METGM)'!J39,'METCM (from METGM)'!J48) -> 59.829789 | J87: =MEDIAN('METCM (from METGM)'!K3,'METCM (from METGM)'!K12,'METCM (from METGM)'!K21,'METCM (from METGM)'!K30,'METCM (from METGM)'!K39,'METCM (from METGM)'!K48) -> 21.241151 | K87: =MEDIAN('METCM (from METGM)'!J4,'METCM (from METGM)'!J13,'METCM (from METGM)'!J22,'METCM (from METGM)'!J31,'METCM (from METGM)'!J40,'METCM (from METGM)'!J49) -> 59.379821 | L87: =MEDIAN('METCM (from METGM)'!K4,'METCM (from METGM)'!K13,'METCM (from METGM)'!K22,'METCM (from METGM)'!K31,'METCM (from METGM)'!K40,'METCM (from METGM)'!K49) -> 21.249029 | M87: =MEDIAN('METCM (from METGM)'!J5,'METCM (from METGM)'!J14,'METCM (from METGM)'!J23,'METCM (from METGM)'!J32,'METCM (from METGM)'!J41,'METCM (from METGM)'!J50) -> 59.642212 | N87: =MEDIAN('METCM (from METGM)'!K5,'METCM (from METGM)'!K14,'METCM (from METGM)'!K23,'METCM (from METGM)'!K32,'METCM (from METGM)'!K41,'METCM (from METGM)'!K50) -> 21.210459
H88: Q1 | I88: =_xlfn.QUARTILE.INC(('METCM (from METGM)'!J3,'METCM (from METGM)'!J12,'METCM (from METGM)'!J21,'METCM (from METGM)'!J30,'METCM (from METGM)'!J39,'METCM (from METGM)'!J48),1) -> 58.980438 | J88: =_xlfn.QUARTILE.INC(('METCM (from METGM)'!K3,'METCM (from METGM)'!K12,'METCM (from METGM)'!K21,'METCM (from METGM)'!K30,'METCM (from METGM)'!K39,'METCM (from METGM)'!K48),1) -> 20.943663 | K88: =_xlfn.QUARTILE.INC(('METCM (from METGM)'!J4,'METCM (from METGM)'!J13,'METCM (from METGM)'!J22,'METCM (from METGM)'!J31,'METCM (from METGM)'!J40,'METCM (from METGM)'!J49),1) -> 58.448509 | L88: =_xlfn.QUARTILE.INC(('METCM (from METGM)'!K4,'METCM (from METGM)'!K13,'METCM (from METGM)'!K22,'METCM (from METGM)'!K31,'METCM (from METGM)'!K40,'METCM (from METGM)'!K49),1) -> 20.947174 | M88: =_xlfn.QUARTILE.INC(('METCM (from METGM)'!J5,'METCM (from METGM)'!J14,'METCM (from METGM)'!J23,'METCM (from METGM)'!J32,'METCM (from METGM)'!J41,'METCM (from METGM)'!J50),1) -> 50.437521 | N88: =_xlfn.QUARTILE.INC(('METCM (from METGM)'!K5,'METCM (from METGM)'!K14,'METCM (from METGM)'!K23,'METCM (from METGM)'!K32,'METCM (from METGM)'!K41,'METCM (from METGM)'!K50),1) -> 20.812289
H89: Q3 | I89: =_xlfn.QUARTILE.INC(('METCM (from METGM)'!J3,'METCM (from METGM)'!J12,'METCM (from METGM)'!J21,'METCM (from METGM)'!J30,'METCM (from METGM)'!J39,'METCM (from METGM)'!J48),3) -> 60.958331 | J89: =_xlfn.QUARTILE.INC(('METCM (from METGM)'!K3,'METCM (from METGM)'!K12,'METCM (from METGM)'!K21,'METCM (from METGM)'!K30,'METCM (from METGM)'!K39,'METCM (from METGM)'!K48),3) -> 21.786769 | K89: =_xlfn.QUARTILE.INC(('METCM (from METGM)'!J4,'METCM (from METGM)'!J13,'METCM (from METGM)'!J22,'METCM (from METGM)'!J31,'METCM (from METGM)'!J40,'METCM (from METGM)'!J49),3) -> 61.038782 | L89: =_xlfn.QUARTILE.INC(('METCM (from METGM)'!K4,'METCM (from METGM)'!K13,'METCM (from METGM)'!K22,'METCM (from METGM)'!K31,'METCM (from METGM)'!K40,'METCM (from METGM)'!K49),3) -> 21.802937 | M89: =_xlfn.QUARTILE.INC(('METCM (from METGM)'!J5,'METCM (from METGM)'!J14,'METCM (from METGM)'!J23,'METCM (from METGM)'!J32,'METCM (from METGM)'!J41,'METCM (from METGM)'!J50),3) -> 62.078944 | N89: =_xlfn.QUARTILE.INC(('METCM (from METGM)'!K5,'METCM (from METGM)'!K14,'METCM (from METGM)'!K23,'METCM (from METGM)'!K32,'METCM (from METGM)'!K41,'METCM (from METGM)'!K50),3) -> 21.866313
G90: 3000 | H90: IQR | I90: =I89-I88 -> 1.9778933 | J90: =J89-J88 -> 0.843105 | K90: =K89-K88 -> 2.5902735 | L90: =L89-L88 -> 0.85576325 | M90: =M89-M88 -> 11.641424 | N90: =N89-N88 -> 1.054024
H91: 95% KI - nedre | I91: =I85-_xlfn.CONFIDENCE.T(0.05,I86,I84) -> 58.157721 | J91: =J85-_xlfn.CONFIDENCE.T(0.05,J86,J84) -> 20.823797 | K91: =K85-_xlfn.CONFIDENCE.T(0.05,K86,K84) -> 57.872763 | L91: =L85-_xlfn.CONFIDENCE.T(0.05,L86,L84) -> 20.818756 | M91: =M85-_xlfn.CONFIDENCE.T(0.05,M86,M84) -> 49.136567 | N91: =N85-_xlfn.CONFIDENCE.T(0.05,N86,N84) -> 20.687511
H92: 95% KI - øvre | I92: =I85+_xlfn.CONFIDENCE.T(0.05,I86,I84) -> 61.479941 | J92: =J85+_xlfn.CONFIDENCE.T(0.05,J86,J84) -> 21.907899 | K92: =K85+_xlfn.CONFIDENCE.T(0.05,K86,K84) -> 61.531479 | L92: =L85+_xlfn.CONFIDENCE.T(0.05,L86,L84) -> 21.926622 | M92: =M85+_xlfn.CONFIDENCE.T(0.05,M86,M84) -> 64.259185 | N92: =N85+_xlfn.CONFIDENCE.T(0.05,N86,N84) -> 22.000383
E93: AA0002 | H93: n (antall) | I93: =COUNT('METCM (from METGM)'!J6,'METCM (from METGM)'!J15,'METCM (from METGM)'!J24,'METCM (from METGM)'!J33,'METCM (from METGM)'!J42,'METCM (from METGM)'!J51) -> 6 | J93: =COUNT('METCM (from METGM)'!K6,'METCM (from METGM)'!K15,'METCM (from METGM)'!K24,'METCM (from METGM)'!K33,'METCM (from METGM)'!K42,'METCM (from METGM)'!K51) -> 6 | K93: =COUNT('METCM (from METGM)'!J7,'METCM (from METGM)'!J16,'METCM (from METGM)'!J25,'METCM (from METGM)'!J34,'METCM (from METGM)'!J43,'METCM (from METGM)'!J52) -> 6 | L93: =COUNT('METCM (from METGM)'!K7,'METCM (from METGM)'!K16,'METCM (from METGM)'!K25,'METCM (from METGM)'!K34,'METCM (from METGM)'!K43,'METCM (from METGM)'!K52) -> 6 | M93: =COUNT('METCM (from METGM)'!J8,'METCM (from METGM)'!J17,'METCM (from METGM)'!J26,'METCM (from METGM)'!J35,'METCM (from METGM)'!J44,'METCM (from METGM)'!J53) -> 6 | N93: =COUNT('METCM (from METGM)'!K8,'METCM (from METGM)'!K17,'METCM (from METGM)'!K26,'METCM (from METGM)'!K35,'METCM (from METGM)'!K44,'METCM (from METGM)'!K53) -> 6
H94: Gjennomsnitt | I94: =AVERAGE('METCM (from METGM)'!J6,'METCM (from METGM)'!J15,'METCM (from METGM)'!J24,'METCM (from METGM)'!J33,'METCM (from METGM)'!J42,'METCM (from METGM)'!J51) -> 182.75677 | J94: =AVERAGE('METCM (from METGM)'!K6,'METCM (from METGM)'!K15,'METCM (from METGM)'!K24,'METCM (from METGM)'!K33,'METCM (from METGM)'!K42,'METCM (from METGM)'!K51) -> 34.468763 | K94: =AVERAGE('METCM (from METGM)'!J7,'METCM (from METGM)'!J16,'METCM (from METGM)'!J25,'METCM (from METGM)'!J34,'METCM (from METGM)'!J43,'METCM (from METGM)'!J52) -> 181.73908 | L94: =AVERAGE('METCM (from METGM)'!K7,'METCM (from METGM)'!K16,'METCM (from METGM)'!K25,'METCM (from METGM)'!K34,'METCM (from METGM)'!K43,'METCM (from METGM)'!K52) -> 34.485924 | M94: =AVERAGE('METCM (from METGM)'!J8,'METCM (from METGM)'!J17,'METCM (from METGM)'!J26,'METCM (from METGM)'!J35,'METCM (from METGM)'!J44,'METCM (from METGM)'!J53) -> 149.0587 | N94: =AVERAGE('METCM (from METGM)'!K8,'METCM (from METGM)'!K17,'METCM (from METGM)'!K26,'METCM (from METGM)'!K35,'METCM (from METGM)'!K44,'METCM (from METGM)'!K53) -> 33.984541
H95: Standardavvik (utvalg) | I95: =_xlfn.STDEV.S('METCM (from METGM)'!J6,'METCM (from METGM)'!J15,'METCM (from METGM)'!J24,'METCM (from METGM)'!J33,'METCM (from METGM)'!J42,'METCM (from METGM)'!J51) -> 8.5039713 | J95: =_xlfn.STDEV.S('METCM (from METGM)'!K6,'METCM (from METGM)'!K15,'METCM (from METGM)'!K24,'METCM (from METGM)'!K33,'METCM (from METGM)'!K42,'METCM (from METGM)'!K51) -> 3.8873752 | K95: =_xlfn.STDEV.S('METCM (from METGM)'!J7,'METCM (from METGM)'!J16,'METCM (from METGM)'!J25,'METCM (from METGM)'!J34,'METCM (from METGM)'!J43,'METCM (from METGM)'!J52) -> 2.2055999 | L95: =_xlfn.STDEV.S('METCM (from METGM)'!K7,'METCM (from METGM)'!K16,'METCM (from METGM)'!K25,'METCM (from METGM)'!K34,'METCM (from METGM)'!K43,'METCM (from METGM)'!K52) -> 4.022152 | M95: =_xlfn.STDEV.S('METCM (from METGM)'!J8,'METCM (from METGM)'!J17,'METCM (from METGM)'!J26,'METCM (from METGM)'!J35,'METCM (from METGM)'!J44,'METCM (from METGM)'!J53) -> 60.190862 | N95: =_xlfn.STDEV.S('METCM (from METGM)'!K8,'METCM (from METGM)'!K17,'METCM (from METGM)'!K26,'METCM (from METGM)'!K35,'METCM (from METGM)'!K44,'METCM (from METGM)'!K53) -> 5.4000033
H96: Median | I96: =MEDIAN('METCM (from METGM)'!J6,'METCM (from METGM)'!J15,'METCM (from METGM)'!J24,'METCM (from METGM)'!J33,'METCM (from METGM)'!J42,'METCM (from METGM)'!J51) -> 180.08251 | J96: =MEDIAN('METCM (from METGM)'!K6,'METCM (from METGM)'!K15,'METCM (from METGM)'!K24,'METCM (from METGM)'!K33,'METCM (from METGM)'!K42,'METCM (from METGM)'!K51) -> 34.37594 | K96: =MEDIAN('METCM (from METGM)'!J7,'METCM (from METGM)'!J16,'METCM (from METGM)'!J25,'METCM (from METGM)'!J34,'METCM (from METGM)'!J43,'METCM (from METGM)'!J52) -> 181.9603 | L96: =MEDIAN('METCM (from METGM)'!K7,'METCM (from METGM)'!K16,'METCM (from METGM)'!K25,'METCM (from METGM)'!K34,'METCM (from METGM)'!K43,'METCM (from METGM)'!K52) -> 34.476725 | M96: =MEDIAN('METCM (from METGM)'!J8,'METCM (from METGM)'!J17,'METCM (from METGM)'!J26,'METCM (from METGM)'!J35,'METCM (from METGM)'!J44,'METCM (from METGM)'!J53) -> 186.52552 | N96: =MEDIAN('METCM (from METGM)'!K8,'METCM (from METGM)'!K17,'METCM (from METGM)'!K26,'METCM (from METGM)'!K35,'METCM (from METGM)'!K44,'METCM (from METGM)'!K53) -> 34.869649
H97: Q1 | I97: =_xlfn.QUARTILE.INC(('METCM (from METGM)'!J6,'METCM (from METGM)'!J15,'METCM (from METGM)'!J24,'METCM (from METGM)'!J33,'METCM (from METGM)'!J42,'METCM (from METGM)'!J51),1) -> 178.6433 | J97: =_xlfn.QUARTILE.INC(('METCM (from METGM)'!K6,'METCM (from METGM)'!K15,'METCM (from METGM)'!K24,'METCM (from METGM)'!K33,'METCM (from METGM)'!K42,'METCM (from METGM)'!K51),1) -> 31.713501 | K97: =_xlfn.QUARTILE.INC(('METCM (from METGM)'!J7,'METCM (from METGM)'!J16,'METCM (from METGM)'!J25,'METCM (from METGM)'!J34,'METCM (from METGM)'!J43,'METCM (from METGM)'!J52),1) -> 180.5141 | L97: =_xlfn.QUARTILE.INC(('METCM (from METGM)'!K7,'METCM (from METGM)'!K16,'METCM (from METGM)'!K25,'METCM (from METGM)'!K34,'METCM (from METGM)'!K43,'METCM (from METGM)'!K52),1) -> 31.407919 | M97: =_xlfn.QUARTILE.INC(('METCM (from METGM)'!J8,'METCM (from METGM)'!J17,'METCM (from METGM)'!J26,'METCM (from METGM)'!J35,'METCM (from METGM)'!J44,'METCM (from METGM)'!J53),1) -> 100.08046 | N97: =_xlfn.QUARTILE.INC(('METCM (from METGM)'!K8,'METCM (from METGM)'!K17,'METCM (from METGM)'!K26,'METCM (from METGM)'!K35,'METCM (from METGM)'!K44,'METCM (from METGM)'!K53),1) -> 29.202088
H98: Q3 | I98: =_xlfn.QUARTILE.INC(('METCM (from METGM)'!J6,'METCM (from METGM)'!J15,'METCM (from METGM)'!J24,'METCM (from METGM)'!J33,'METCM (from METGM)'!J42,'METCM (from METGM)'!J51),3) -> 181.47138 | J98: =_xlfn.QUARTILE.INC(('METCM (from METGM)'!K6,'METCM (from METGM)'!K15,'METCM (from METGM)'!K24,'METCM (from METGM)'!K33,'METCM (from METGM)'!K42,'METCM (from METGM)'!K51),3) -> 37.746405 | K98: =_xlfn.QUARTILE.INC(('METCM (from METGM)'!J7,'METCM (from METGM)'!J16,'METCM (from METGM)'!J25,'METCM (from METGM)'!J34,'METCM (from METGM)'!J43,'METCM (from METGM)'!J52),3) -> 183.27379 | L98: =_xlfn.QUARTILE.INC(('METCM (from METGM)'!K7,'METCM (from METGM)'!K16,'METCM (from METGM)'!K25,'METCM (from METGM)'!K34,'METCM (from METGM)'!K43,'METCM (from METGM)'!K52),3) -> 37.887653 | M98: =_xlfn.QUARTILE.INC(('METCM (from METGM)'!J8,'METCM (from METGM)'!J17,'METCM (from METGM)'!J26,'METCM (from METGM)'!J35,'METCM (from METGM)'!J44,'METCM (from METGM)'!J53),3) -> 188.67176 | N98: =_xlfn.QUARTILE.INC(('METCM (from METGM)'!K8,'METCM (from METGM)'!K17,'METCM (from METGM)'!K26,'METCM (from METGM)'!K35,'METCM (from METGM)'!K44,'METCM (from METGM)'!K53),3) -> 38.437298
H99: IQR | I99: =I98-I97 -> 2.8280843 | J99: =J98-J97 -> 6.032904 | K99: =K98-K97 -> 2.7596932 | L99: =L98-L97 -> 6.4797342 | M99: =M98-M97 -> 88.591295 | N99: =N98-N97 -> 9.23521
H100: 95% KI - nedre | I100: =I94-_xlfn.CONFIDENCE.T(0.05,I95,I93) -> 173.8324 | J100: =J94-_xlfn.CONFIDENCE.T(0.05,J95,J93) -> 30.389213 | K100: =K94-_xlfn.CONFIDENCE.T(0.05,K95,K93) -> 179.42445 | L100: =L94-_xlfn.CONFIDENCE.T(0.05,L95,L93) -> 30.264934 | M100: =M94-_xlfn.CONFIDENCE.T(0.05,M95,M93) -> 85.892265 | N100: =N94-_xlfn.CONFIDENCE.T(0.05,N95,N93) -> 28.317585
...

Sheet Statistikk-tidsbasert (2)
A1: Test ID | B1: Firing pos. | C1: Weather pos. | D1: Weather format | E1: Target name | F1: Fire DTG | G1: Measured alt. | H1: Type of stat. | I1: missdistance 30 min | K1: missdistance 1 t | M1: missdistance 3 t
I2: range | J2: cross | K2: range | L2: cross | M2: range | N2: cross
B3: Firing pos. Harstad | C3: CM pos. Harstad | D3: METCM | E3: AA0001 | F3: 231300Z FEB 26 | G3: 6000 | H3: n (antall) | I3: =COUNT('METCM (Meteomatics)'!J165) -> 1 | J3: =COUNT('METCM (Meteomatics)'!K165) -> 1 | K3: =COUNT('METCM (Meteomatics)'!J166) -> 1 | L3: =COUNT('METCM (Meteomatics)'!K166) -> 1 | M3: =COUNT('METCM (Meteomatics)'!J168) -> 1 | N3: =COUNT('METCM (Meteomatics)'!K168) -> 1
H4: Gjennomsnitt | I4: =AVERAGE('METCM (Meteomatics)'!J165) -> 244.42185 | J4: =AVERAGE('METCM (Meteomatics)'!K165) -> 34.989025 | K4: =AVERAGE('METCM (Meteomatics)'!J166) -> 246.60966 | L4: =AVERAGE('METCM (Meteomatics)'!K166) -> 35.038342 | M4: =AVERAGE('METCM (Meteomatics)'!J168) -> 255.17105 | N4: =AVERAGE('METCM (Meteomatics)'!K168) -> 35.231962
H5: Standardavvik (utvalg) | I5: =_xlfn.STDEV.S('METCM (Meteomatics)'!J165) -> #DIV/0! | J5: =_xlfn.STDEV.S('METCM (Meteomatics)'!K165) -> #DIV/0! | K5: =_xlfn.STDEV.S('METCM (Meteomatics)'!J166) -> #DIV/0! | L5: =_xlfn.STDEV.S('METCM (Meteomatics)'!K166) -> #DIV/0! | M5: =_xlfn.STDEV.S('METCM (Meteomatics)'!J168) -> #DIV/0! | N5: =_xlfn.STDEV.S('METCM (Meteomatics)'!K168) -> #DIV/0!
H6: Median | I6: =MEDIAN('METCM (Meteomatics)'!J165) -> 244.42185 | J6: =MEDIAN('METCM (Meteomatics)'!K165) -> 34.989025 | K6: =MEDIAN('METCM (Meteomatics)'!J166) -> 246.60966 | L6: =MEDIAN('METCM (Meteomatics)'!K166) -> 35.038342 | M6: =MEDIAN('METCM (Meteomatics)'!J168) -> 255.17105 | N6: =MEDIAN('METCM (Meteomatics)'!K168) -> 35.231962
H7: Q1 | I7: =_xlfn.QUARTILE.INC(('METCM (Meteomatics)'!J165),1) -> 244.42185 | J7: =_xlfn.QUARTILE.INC(('METCM (Meteomatics)'!K165),1) -> 34.989025 | K7: =_xlfn.QUARTILE.INC(('METCM (Meteomatics)'!J166),1) -> 246.60966 | L7: =_xlfn.QUARTILE.INC(('METCM (Meteomatics)'!K166),1) -> 35.038342 | M7: =_xlfn.QUARTILE.INC(('METCM (Meteomatics)'!J168),1) -> 255.17105 | N7: =_xlfn.QUARTILE.INC(('METCM (Meteomatics)'!K168),1) -> 35.231962
H8: Q3 | I8: =_xlfn.QUARTILE.INC(('METCM (Meteomatics)'!J165),3) -> 244.42185 | J8: =_xlfn.QUARTILE.INC(('METCM (Meteomatics)'!K165),3) -> 34.989025 | K8: =_xlfn.QUARTILE.INC(('METCM (Meteomatics)'!J166),3) -> 246.60966 | L8: =_xlfn.QUARTILE.INC(('METCM (Meteomatics)'!K166),3) -> 35.038342 | M8: =_xlfn.QUARTILE.INC(('METCM (Meteomatics)'!J168),3) -> 255.17105 | N8: =_xlfn.QUARTILE.INC(('METCM (Meteomatics)'!K168),3) -> 35.231962
H9: IQR | I9: =I8-I7 -> 0 | J9: =J8-J7 -> 0 | K9: =K8-K7 -> 0 | L9: =L8-L7 -> 0 | M9: =M8-M7 -> 0 | N9: =N8-N7 -> 0
H10: 95% KI - nedre | I10: =I4-_xlfn.CONFIDENCE.T(0.05,I5,I3) -> #DIV/0! | J10: =J4-_xlfn.CONFIDENCE.T(0.05,J5,J3) -> #DIV/0! | K10: =K4-_xlfn.CONFIDENCE.T(0.05,K5,K3) -> #DIV/0! | L10: =L4-_xlfn.CONFIDENCE.T(0.05,L5,L3) -> #DIV/0! | M10: =M4-_xlfn.CONFIDENCE.T(0.05,M5,M3) -> #DIV/0! | N10: =N4-_xlfn.CONFIDENCE.T(0.05,N5,N3) -> #DIV/0!
H11: 95% KI - øvre | I11: =I4+_xlfn.CONFIDENCE.T(0.05,I5,I3) -> #DIV/0! | J11: =J4+_xlfn.CONFIDENCE.T(0.05,J5,J3) -> #DIV/0! | K11: =K4+_xlfn.CONFIDENCE.T(0.05,K5,K3) -> #DIV/0! | L11: =L4+_xlfn.CONFIDENCE.T(0.05,L5,L3) -> #DIV/0! | M11: =M4+_xlfn.CONFIDENCE.T(0.05,M5,M3) -> #DIV/0! | N11: =N4+_xlfn.CONFIDENCE.T(0.05,N5,N3) -> #DIV/0!
E12: AA0002 | H12: n (antall) | I12: =COUNT('METCM (Meteomatics)'!J170) -> 1 | J12: =COUNT('METCM (Meteomatics)'!K170) -> 1 | K12: =COUNT('METCM (Meteomatics)'!J171) -> 1 | L12: =COUNT('METCM (Meteomatics)'!K171) -> 1 | M12: =COUNT('METCM (Meteomatics)'!J173) -> 1 | N12: =COUNT('METCM (Meteomatics)'!K173) -> 1
H13: Gjennomsnitt | I13: =AVERAGE('METCM (Meteomatics)'!J170) -> 249.43308 | J13: =AVERAGE('METCM (Meteomatics)'!K170) -> 37.207127 | K13: =AVERAGE('METCM (Meteomatics)'!J171) -> 251.67017 | L13: =AVERAGE('METCM (Meteomatics)'!K171) -> 37.273779 | M13: =AVERAGE('METCM (Meteomatics)'!J173) -> 260.42424 | N13: =AVERAGE('METCM (Meteomatics)'!K173) -> 37.535212
H14: Standardavvik (utvalg) | I14: =_xlfn.STDEV.S('METCM (Meteomatics)'!J170) -> #DIV/0! | J14: =_xlfn.STDEV.S('METCM (Meteomatics)'!K170) -> #DIV/0! | K14: =_xlfn.STDEV.S('METCM (Meteomatics)'!J171) -> #DIV/0! | L14: =_xlfn.STDEV.S('METCM (Meteomatics)'!K171) -> #DIV/0! | M14: =_xlfn.STDEV.S('METCM (Meteomatics)'!J173) -> #DIV/0! | N14: =_xlfn.STDEV.S('METCM (Meteomatics)'!K173) -> #DIV/0!
H15: Median | I15: =MEDIAN('METCM (Meteomatics)'!J170) -> 249.43308 | J15: =MEDIAN('METCM (Meteomatics)'!K170) -> 37.207127 | K15: =MEDIAN('METCM (Meteomatics)'!J171) -> 251.67017 | L15: =MEDIAN('METCM (Meteomatics)'!K171) -> 37.273779 | M15: =MEDIAN('METCM (Meteomatics)'!J173) -> 260.42424 | N15: =MEDIAN('METCM (Meteomatics)'!K173) -> 37.535212
H16: Q1 | I16: =_xlfn.QUARTILE.INC(('METCM (Meteomatics)'!J170),1) -> 249.43308 | J16: =_xlfn.QUARTILE.INC(('METCM (Meteomatics)'!K170),1) -> 37.207127 | K16: =_xlfn.QUARTILE.INC(('METCM (Meteomatics)'!J171),1) -> 251.67017 | L16: =_xlfn.QUARTILE.INC(('METCM (Meteomatics)'!K171),1) -> 37.273779 | M16: =_xlfn.QUARTILE.INC(('METCM (Meteomatics)'!J173),1) -> 260.42424 | N16: =_xlfn.QUARTILE.INC(('METCM (Meteomatics)'!K173),1) -> 37.535212
H17: Q3 | I17: =_xlfn.QUARTILE.INC(('METCM (Meteomatics)'!J170),3) -> 249.43308 | J17: =_xlfn.QUARTILE.INC(('METCM (Meteomatics)'!K170),3) -> 37.207127 | K17: =_xlfn.QUARTILE.INC(('METCM (Meteomatics)'!J171),3) -> 251.67017 | L17: =_xlfn.QUARTILE.INC(('METCM (Meteomatics)'!K171),3) -> 37.273779 | M17: =_xlfn.QUARTILE.INC(('METCM (Meteomatics)'!J173),3) -> 260.42424 | N17: =_xlfn.QUARTILE.INC(('METCM (Meteomatics)'!K173),3) -> 37.535212
H18: IQR | I18: =I17-I16 -> 0 | J18: =J17-J16 -> 0 | K18: =K17-K16 -> 0 | L18: =L17-L16 -> 0 | M18: =M17-M16 -> 0 | N18: =N17-N16 -> 0
H19: 95% KI - nedre | I19: =I13-_xlfn.CONFIDENCE.T(0.05,I14,I12) -> #DIV/0! | J19: =J13-_xlfn.CONFIDENCE.T(0.05,J14,J12) -> #DIV/0! | K19: =K13-_xlfn.CONFIDENCE.T(0.05,K14,K12) -> #DIV/0! | L19: =L13-_xlfn.CONFIDENCE.T(0.05,L14,L12) -> #DIV/0! | M19: =M13-_xlfn.CONFIDENCE.T(0.05,M14,M12) -> #DIV/0! | N19: =N13-_xlfn.CONFIDENCE.T(0.05,N14,N12) -> #DIV/0!
H20: 95% KI - øvre | I20: =I13+_xlfn.CONFIDENCE.T(0.05,I14,I12) -> #DIV/0! | J20: =J13+_xlfn.CONFIDENCE.T(0.05,J14,J12) -> #DIV/0! | K20: =K13+_xlfn.CONFIDENCE.T(0.05,K14,K12) -> #DIV/0! | L20: =L13+_xlfn.CONFIDENCE.T(0.05,L14,L12) -> #DIV/0! | M20: =M13+_xlfn.CONFIDENCE.T(0.05,M14,M12) -> #DIV/0! | N20: =N13+_xlfn.CONFIDENCE.T(0.05,N14,N12) -> #DIV/0!
E21: AA0003 | H21: n (antall) | I21: =COUNT('METCM (Meteomatics)'!J175) -> 1 | J21: =COUNT('METCM (Meteomatics)'!K175) -> 1 | K21: =COUNT('METCM (Meteomatics)'!J171) -> 1 | L21: =COUNT('METCM (Meteomatics)'!K171) -> 1 | M21: =COUNT('METCM (Meteomatics)'!J178) -> 1 | N21: =COUNT('METCM (Meteomatics)'!K178) -> 1
H22: Gjennomsnitt | I22: =AVERAGE('METCM (Meteomatics)'!J175) -> 269.05438 | J22: =AVERAGE('METCM (Meteomatics)'!K175) -> 36.587892 | K22: =AVERAGE('METCM (Meteomatics)'!J171) -> 251.67017 | L22: =AVERAGE('METCM (Meteomatics)'!K171) -> 37.273779 | M22: =AVERAGE('METCM (Meteomatics)'!J178) -> 280.92532 | N22: =AVERAGE('METCM (Meteomatics)'!K178) -> 36.845505
H23: Standardavvik (utvalg) | I23: =_xlfn.STDEV.S('METCM (Meteomatics)'!J175) -> #DIV/0! | J23: =_xlfn.STDEV.S('METCM (Meteomatics)'!K175) -> #DIV/0! | K23: =_xlfn.STDEV.S('METCM (Meteomatics)'!J171) -> #DIV/0! | L23: =_xlfn.STDEV.S('METCM (Meteomatics)'!K171) -> #DIV/0! | M23: =_xlfn.STDEV.S('METCM (Meteomatics)'!J178) -> #DIV/0! | N23: =_xlfn.STDEV.S('METCM (Meteomatics)'!K178) -> #DIV/0!
H24: Median | I24: =MEDIAN('METCM (Meteomatics)'!J175) -> 269.05438 | J24: =MEDIAN('METCM (Meteomatics)'!K175) -> 36.587892 | K24: =MEDIAN('METCM (Meteomatics)'!J171) -> 251.67017 | L24: =MEDIAN('METCM (Meteomatics)'!K171) -> 37.273779 | M24: =MEDIAN('METCM (Meteomatics)'!J178) -> 280.92532 | N24: =MEDIAN('METCM (Meteomatics)'!K178) -> 36.845505
H25: Q1 | I25: =_xlfn.QUARTILE.INC(('METCM (Meteomatics)'!J175),1) -> 269.05438 | J25: =_xlfn.QUARTILE.INC(('METCM (Meteomatics)'!K175),1) -> 36.587892 | K25: =_xlfn.QUARTILE.INC(('METCM (Meteomatics)'!J171),1) -> 251.67017 | L25: =_xlfn.QUARTILE.INC(('METCM (Meteomatics)'!K171),1) -> 37.273779 | M25: =_xlfn.QUARTILE.INC(('METCM (Meteomatics)'!J178),1) -> 280.92532 | N25: =_xlfn.QUARTILE.INC(('METCM (Meteomatics)'!K178),1) -> 36.845505
H26: Q3 | I26: =_xlfn.QUARTILE.INC(('METCM (Meteomatics)'!J175),3) -> 269.05438 | J26: =_xlfn.QUARTILE.INC(('METCM (Meteomatics)'!K175),3) -> 36.587892 | K26: =_xlfn.QUARTILE.INC(('METCM (Meteomatics)'!J171),3) -> 251.67017 | L26: =_xlfn.QUARTILE.INC(('METCM (Meteomatics)'!K171),3) -> 37.273779 | M26: =_xlfn.QUARTILE.INC(('METCM (Meteomatics)'!J178),3) -> 280.92532 | N26: =_xlfn.QUARTILE.INC(('METCM (Meteomatics)'!K178),3) -> 36.845505
H27: IQR | I27: =I26-I25 -> 0 | J27: =J26-J25 -> 0 | K27: =K26-K25 -> 0 | L27: =L26-L25 -> 0 | M27: =M26-M25 -> 0 | N27: =N26-N25 -> 0
H28: 95% KI - nedre | I28: =I22-_xlfn.CONFIDENCE.T(0.05,I23,I21) -> #DIV/0! | J28: =J22-_xlfn.CONFIDENCE.T(0.05,J23,J21) -> #DIV/0! | K28: =K22-_xlfn.CONFIDENCE.T(0.05,K23,K21) -> #DIV/0! | L28: =L22-_xlfn.CONFIDENCE.T(0.05,L23,L21) -> #DIV/0! | M28: =M22-_xlfn.CONFIDENCE.T(0.05,M23,M21) -> #DIV/0! | N28: =N22-_xlfn.CONFIDENCE.T(0.05,N23,N21) -> #DIV/0!
H29: 95% KI - øvre | I29: =I22+_xlfn.CONFIDENCE.T(0.05,I23,I21) -> #DIV/0! | J29: =J22+_xlfn.CONFIDENCE.T(0.05,J23,J21) -> #DIV/0! | K29: =K22+_xlfn.CONFIDENCE.T(0.05,K23,K21) -> #DIV/0! | L29: =L22+_xlfn.CONFIDENCE.T(0.05,L23,L21) -> #DIV/0! | M29: =M22+_xlfn.CONFIDENCE.T(0.05,M23,M21) -> #DIV/0! | N29: =N22+_xlfn.CONFIDENCE.T(0.05,N23,N21) -> #DIV/0!
B30: Firing pos. Andøya | C30: CM pos. Andøya | D30: METCM | E30: AA0001 | F30: 09-23. APR 26 | G30: 5000 | H30: n (antall) | I30: =COUNT('METCM (Meteomatics)'!J129,'METCM (Meteomatics)'!J138,'METCM (Meteomatics)'!J147,'METCM (Meteomatics)'!J156) -> 4 | J30: =COUNT('METCM (Meteomatics)'!K129,'METCM (Meteomatics)'!K138,'METCM (Meteomatics)'!K147,'METCM (Meteomatics)'!K156) -> 4 | K30: =COUNT('METCM (Meteomatics)'!J130,'METCM (Meteomatics)'!J139,'METCM (Meteomatics)'!J148,'METCM (Meteomatics)'!J157) -> 4 | L30: =COUNT('METCM (Meteomatics)'!K130,'METCM (Meteomatics)'!K139,'METCM (Meteomatics)'!K148,'METCM (Meteomatics)'!K157) -> 4 | M30: =COUNT('METCM (Meteomatics)'!J131,'METCM (Meteomatics)'!J140,'METCM (Meteomatics)'!J149,'METCM (Meteomatics)'!J158) -> 4 | N30: =COUNT('METCM (Meteomatics)'!K131,'METCM (Meteomatics)'!K140,'METCM (Meteomatics)'!K149,'METCM (Meteomatics)'!K158) -> 4
H31: Gjennomsnitt | I31: =AVERAGE('METCM (Meteomatics)'!J129,'METCM (Meteomatics)'!J138,'METCM (Meteomatics)'!J147,'METCM (Meteomatics)'!J156) -> 64.062204 | J31: =AVERAGE('METCM (Meteomatics)'!K129,'METCM (Meteomatics)'!K138,'METCM (Meteomatics)'!K147,'METCM (Meteomatics)'!K156) -> 20.733349 | K31: =AVERAGE('METCM (Meteomatics)'!J130,'METCM (Meteomatics)'!J139,'METCM (Meteomatics)'!J148,'METCM (Meteomatics)'!J157) -> 65.105205 | L31: =AVERAGE('METCM (Meteomatics)'!K130,'METCM (Meteomatics)'!K139,'METCM (Meteomatics)'!K148,'METCM (Meteomatics)'!K157) -> 20.737189 | M31: =AVERAGE('METCM (Meteomatics)'!J131,'METCM (Meteomatics)'!J140,'METCM (Meteomatics)'!J149,'METCM (Meteomatics)'!J158) -> 68.310087 | N31: =AVERAGE('METCM (Meteomatics)'!K131,'METCM (Meteomatics)'!K140,'METCM (Meteomatics)'!K149,'METCM (Meteomatics)'!K158) -> 20.74964
H32: Standardavvik (utvalg) | I32: =_xlfn.STDEV.S('METCM (Meteomatics)'!J129,'METCM (Meteomatics)'!J138,'METCM (Meteomatics)'!J147,'METCM (Meteomatics)'!J156) -> 21.755507 | J32: =_xlfn.STDEV.S('METCM (Meteomatics)'!K129,'METCM (Meteomatics)'!K138,'METCM (Meteomatics)'!K147,'METCM (Meteomatics)'!K156) -> 0.14524618 | K32: =_xlfn.STDEV.S('METCM (Meteomatics)'!J130,'METCM (Meteomatics)'!J139,'METCM (Meteomatics)'!J148,'METCM (Meteomatics)'!J157) -> 21.084428 | L32: =_xlfn.STDEV.S('METCM (Meteomatics)'!K130,'METCM (Meteomatics)'!K139,'METCM (Meteomatics)'!K148,'METCM (Meteomatics)'!K157) -> 0.14281812 | M32: =_xlfn.STDEV.S('METCM (Meteomatics)'!J131,'METCM (Meteomatics)'!J140,'METCM (Meteomatics)'!J149,'METCM (Meteomatics)'!J158) -> 19.289937 | N32: =_xlfn.STDEV.S('METCM (Meteomatics)'!K131,'METCM (Meteomatics)'!K140,'METCM (Meteomatics)'!K149,'METCM (Meteomatics)'!K158) -> 0.13574038
H33: Median | I33: =MEDIAN('METCM (Meteomatics)'!J129,'METCM (Meteomatics)'!J138,'METCM (Meteomatics)'!J147,'METCM (Meteomatics)'!J156) -> 54.298051 | J33: =MEDIAN('METCM (Meteomatics)'!K129,'METCM (Meteomatics)'!K138,'METCM (Meteomatics)'!K147,'METCM (Meteomatics)'!K156) -> 20.676596 | K33: =MEDIAN('METCM (Meteomatics)'!J130,'METCM (Meteomatics)'!J139,'METCM (Meteomatics)'!J148,'METCM (Meteomatics)'!J157) -> 55.187722 | L33: =MEDIAN('METCM (Meteomatics)'!K130,'METCM (Meteomatics)'!K139,'METCM (Meteomatics)'!K148,'METCM (Meteomatics)'!K157) -> 20.680176 | M33: =MEDIAN('METCM (Meteomatics)'!J131,'METCM (Meteomatics)'!J140,'METCM (Meteomatics)'!J149,'METCM (Meteomatics)'!J158) -> 59.084114 | N33: =MEDIAN('METCM (Meteomatics)'!K131,'METCM (Meteomatics)'!K140,'METCM (Meteomatics)'!K149,'METCM (Meteomatics)'!K158) -> 20.693234
H34: Q1 | I34: =_xlfn.QUARTILE.INC(('METCM (Meteomatics)'!J129,'METCM (Meteomatics)'!J138,'METCM (Meteomatics)'!J147,'METCM (Meteomatics)'!J156),1) -> 51.744757 | J34: =_xlfn.QUARTILE.INC(('METCM (Meteomatics)'!K129,'METCM (Meteomatics)'!K138,'METCM (Meteomatics)'!K147,'METCM (Meteomatics)'!K156),1) -> 20.638861 | K34: =_xlfn.QUARTILE.INC(('METCM (Meteomatics)'!J130,'METCM (Meteomatics)'!J139,'METCM (Meteomatics)'!J148,'METCM (Meteomatics)'!J157),1) -> 53.459353 | L34: =_xlfn.QUARTILE.INC(('METCM (Meteomatics)'!K130,'METCM (Meteomatics)'!K139,'METCM (Meteomatics)'!K148,'METCM (Meteomatics)'!K157),1) -> 20.644764 | M34: =_xlfn.QUARTILE.INC(('METCM (Meteomatics)'!J131,'METCM (Meteomatics)'!J140,'METCM (Meteomatics)'!J149,'METCM (Meteomatics)'!J158),1) -> 58.213812 | N34: =_xlfn.QUARTILE.INC(('METCM (Meteomatics)'!K131,'METCM (Meteomatics)'!K140,'METCM (Meteomatics)'!K149,'METCM (Meteomatics)'!K158),1) -> 20.664321
H35: Q3 | I35: =_xlfn.QUARTILE.INC(('METCM (Meteomatics)'!J129,'METCM (Meteomatics)'!J138,'METCM (Meteomatics)'!J147,'METCM (Meteomatics)'!J156),3) -> 66.615499 | J35: =_xlfn.QUARTILE.INC(('METCM (Meteomatics)'!K129,'METCM (Meteomatics)'!K138,'METCM (Meteomatics)'!K147,'METCM (Meteomatics)'!K156),3) -> 20.771083 | K35: =_xlfn.QUARTILE.INC(('METCM (Meteomatics)'!J130,'METCM (Meteomatics)'!J139,'METCM (Meteomatics)'!J148,'METCM (Meteomatics)'!J157),3) -> 66.833575 | L35: =_xlfn.QUARTILE.INC(('METCM (Meteomatics)'!K130,'METCM (Meteomatics)'!K139,'METCM (Meteomatics)'!K148,'METCM (Meteomatics)'!K157),3) -> 20.772601 | M35: =_xlfn.QUARTILE.INC(('METCM (Meteomatics)'!J131,'METCM (Meteomatics)'!J140,'METCM (Meteomatics)'!J149,'METCM (Meteomatics)'!J158),3) -> 69.180389 | N35: =_xlfn.QUARTILE.INC(('METCM (Meteomatics)'!K131,'METCM (Meteomatics)'!K140,'METCM (Meteomatics)'!K149,'METCM (Meteomatics)'!K158),3) -> 20.778553
H36: IQR | I36: =I35-I34 -> 14.870742 | J36: =J35-J34 -> 0.13222175 | K36: =K35-K34 -> 13.374222 | L36: =L35-L34 -> 0.127837 | M36: =M35-M34 -> 10.966577 | N36: =N35-N34 -> 0.11423175
H37: 95% KI - nedre | I37: =I31-_xlfn.CONFIDENCE.T(0.05,I32,I30) -> 29.444337 | J37: =J31-_xlfn.CONFIDENCE.T(0.05,J32,J30) -> 20.50223 | K37: =K31-_xlfn.CONFIDENCE.T(0.05,K32,K30) -> 31.555175 | L37: =L31-_xlfn.CONFIDENCE.T(0.05,L32,L30) -> 20.509934 | M37: =M31-_xlfn.CONFIDENCE.T(0.05,M32,M30) -> 37.615492 | N37: =N31-_xlfn.CONFIDENCE.T(0.05,N32,N30) -> 20.533647
G38: 3000 | H38: 95% KI - øvre | I38: =I31+_xlfn.CONFIDENCE.T(0.05,I32,I30) -> 98.680071 | J38: =J31+_xlfn.CONFIDENCE.T(0.05,J32,J30) -> 20.964468 | K38: =K31+_xlfn.CONFIDENCE.T(0.05,K32,K30) -> 98.655235 | L38: =L31+_xlfn.CONFIDENCE.T(0.05,L32,L30) -> 20.964444 | M38: =M31+_xlfn.CONFIDENCE.T(0.05,M32,M30) -> 99.004682 | N38: =N31+_xlfn.CONFIDENCE.T(0.05,N32,N30) -> 20.965633
E39: AA0002 | H39: n (antall) | I39: =COUNT('METCM (Meteomatics)'!J132,'METCM (Meteomatics)'!J141,'METCM (Meteomatics)'!J150,'METCM (Meteomatics)'!J159) -> 4 | J39: =COUNT('METCM (Meteomatics)'!K132,'METCM (Meteomatics)'!K141,'METCM (Meteomatics)'!K150,'METCM (Meteomatics)'!K159) -> 4 | K39: =COUNT('METCM (Meteomatics)'!J133,'METCM (Meteomatics)'!J142,'METCM (Meteomatics)'!J151,'METCM (Meteomatics)'!J160) -> 4 | L39: =COUNT('METCM (Meteomatics)'!K133,'METCM (Meteomatics)'!K142,'METCM (Meteomatics)'!K151,'METCM (Meteomatics)'!K160) -> 4 | M39: =COUNT('METCM (Meteomatics)'!J134,'METCM (Meteomatics)'!J143,'METCM (Meteomatics)'!J152,'METCM (Meteomatics)'!J161) -> 4 | N39: =COUNT('METCM (Meteomatics)'!K134,'METCM (Meteomatics)'!K143,'METCM (Meteomatics)'!K152,'METCM (Meteomatics)'!K161) -> 4
H40: Gjennomsnitt | I40: =AVERAGE('METCM (Meteomatics)'!J132,'METCM (Meteomatics)'!J141,'METCM (Meteomatics)'!J150,'METCM (Meteomatics)'!J159) -> 182.55671 | J40: =AVERAGE('METCM (Meteomatics)'!K132,'METCM (Meteomatics)'!K141,'METCM (Meteomatics)'!K150,'METCM (Meteomatics)'!K159) -> 28.084126 | K40: =AVERAGE('METCM (Meteomatics)'!J133,'METCM (Meteomatics)'!J142,'METCM (Meteomatics)'!J151,'METCM (Meteomatics)'!J160) -> 187.33712 | L40: =AVERAGE('METCM (Meteomatics)'!K133,'METCM (Meteomatics)'!K142,'METCM (Meteomatics)'!K151,'METCM (Meteomatics)'!K160) -> 28.118152 | M40: =AVERAGE('METCM (Meteomatics)'!J134,'METCM (Meteomatics)'!J143,'METCM (Meteomatics)'!J152,'METCM (Meteomatics)'!J161) -> 202.2321 | N40: =AVERAGE('METCM (Meteomatics)'!K134,'METCM (Meteomatics)'!K143,'METCM (Meteomatics)'!K152,'METCM (Meteomatics)'!K161) -> 28.227116
H41: Standardavvik (utvalg) | I41: =_xlfn.STDEV.S('METCM (Meteomatics)'!J132,'METCM (Meteomatics)'!J141,'METCM (Meteomatics)'!J150,'METCM (Meteomatics)'!J159) -> 160.30777 | J41: =_xlfn.STDEV.S('METCM (Meteomatics)'!K132,'METCM (Meteomatics)'!K141,'METCM (Meteomatics)'!K150,'METCM (Meteomatics)'!K159) -> 0.94447307 | K41: =_xlfn.STDEV.S('METCM (Meteomatics)'!J133,'METCM (Meteomatics)'!J142,'METCM (Meteomatics)'!J151,'METCM (Meteomatics)'!J160) -> 156.98929 | L41: =_xlfn.STDEV.S('METCM (Meteomatics)'!K133,'METCM (Meteomatics)'!K142,'METCM (Meteomatics)'!K151,'METCM (Meteomatics)'!K160) -> 0.92084418 | M41: =_xlfn.STDEV.S('METCM (Meteomatics)'!J134,'METCM (Meteomatics)'!J143,'METCM (Meteomatics)'!J152,'METCM (Meteomatics)'!J161) -> 147.6299 | N41: =_xlfn.STDEV.S('METCM (Meteomatics)'!K134,'METCM (Meteomatics)'!K143,'METCM (Meteomatics)'!K152,'METCM (Meteomatics)'!K161) -> 0.85191109
H42: Median | I42: =MEDIAN('METCM (Meteomatics)'!J132,'METCM (Meteomatics)'!J141,'METCM (Meteomatics)'!J150,'METCM (Meteomatics)'!J159) -> 123.99041 | J42: =MEDIAN('METCM (Meteomatics)'!K132,'METCM (Meteomatics)'!K141,'METCM (Meteomatics)'!K150,'METCM (Meteomatics)'!K159) -> 27.722532 | K42: =MEDIAN('METCM (Meteomatics)'!J133,'METCM (Meteomatics)'!J142,'METCM (Meteomatics)'!J151,'METCM (Meteomatics)'!J160) -> 128.66036 | L42: =MEDIAN('METCM (Meteomatics)'!K133,'METCM (Meteomatics)'!K142,'METCM (Meteomatics)'!K151,'METCM (Meteomatics)'!K160) -> 27.754752 | M42: =MEDIAN('METCM (Meteomatics)'!J134,'METCM (Meteomatics)'!J143,'METCM (Meteomatics)'!J152,'METCM (Meteomatics)'!J161) -> 144.01014 | N42: =MEDIAN('METCM (Meteomatics)'!K134,'METCM (Meteomatics)'!K143,'METCM (Meteomatics)'!K152,'METCM (Meteomatics)'!K161) -> 27.862877
H43: Q1 | I43: =_xlfn.QUARTILE.INC(('METCM (Meteomatics)'!J132,'METCM (Meteomatics)'!J141,'METCM (Meteomatics)'!J150,'METCM (Meteomatics)'!J159),1) -> 74.875999 | J43: =_xlfn.QUARTILE.INC(('METCM (Meteomatics)'!K132,'METCM (Meteomatics)'!K141,'METCM (Meteomatics)'!K150,'METCM (Meteomatics)'!K159),1) -> 27.473308 | K43: =_xlfn.QUARTILE.INC(('METCM (Meteomatics)'!J133,'METCM (Meteomatics)'!J142,'METCM (Meteomatics)'!J151,'METCM (Meteomatics)'!J160),1) -> 82.528969 | L43: =_xlfn.QUARTILE.INC(('METCM (Meteomatics)'!K133,'METCM (Meteomatics)'!K142,'METCM (Meteomatics)'!K151,'METCM (Meteomatics)'!K160),1) -> 27.528996 | M43: =_xlfn.QUARTILE.INC(('METCM (Meteomatics)'!J134,'METCM (Meteomatics)'!J143,'METCM (Meteomatics)'!J152,'METCM (Meteomatics)'!J161),1) -> 105.78013 | N43: =_xlfn.QUARTILE.INC(('METCM (Meteomatics)'!K134,'METCM (Meteomatics)'!K143,'METCM (Meteomatics)'!K152,'METCM (Meteomatics)'!K161),1) -> 27.70471
H44: Q3 | I44: =_xlfn.QUARTILE.INC(('METCM (Meteomatics)'!J132,'METCM (Meteomatics)'!J141,'METCM (Meteomatics)'!J150,'METCM (Meteomatics)'!J159),3) -> 231.67112 | J44: =_xlfn.QUARTILE.INC(('METCM (Meteomatics)'!K132,'METCM (Meteomatics)'!K141,'METCM (Meteomatics)'!K150,'METCM (Meteomatics)'!K159),3) -> 28.33335 | K44: =_xlfn.QUARTILE.INC(('METCM (Meteomatics)'!J133,'METCM (Meteomatics)'!J142,'METCM (Meteomatics)'!J151,'METCM (Meteomatics)'!J160),3) -> 233.46851 | L44: =_xlfn.QUARTILE.INC(('METCM (Meteomatics)'!K133,'METCM (Meteomatics)'!K142,'METCM (Meteomatics)'!K151,'METCM (Meteomatics)'!K160),3) -> 28.343908 | M44: =_xlfn.QUARTILE.INC(('METCM (Meteomatics)'!J134,'METCM (Meteomatics)'!J143,'METCM (Meteomatics)'!J152,'METCM (Meteomatics)'!J161),3) -> 240.46211 | N44: =_xlfn.QUARTILE.INC(('METCM (Meteomatics)'!K134,'METCM (Meteomatics)'!K143,'METCM (Meteomatics)'!K152,'METCM (Meteomatics)'!K161),3) -> 28.385282
H45: IQR | I45: =I44-I43 -> 156.79512 | J45: =J44-J43 -> 0.860042 | K45: =K44-K43 -> 150.93954 | L45: =L44-L43 -> 0.81491275 | M45: =M44-M43 -> 134.68198 | N45: =N44-N43 -> 0.680572
H46: 95% KI - nedre | I46: =I40-_xlfn.CONFIDENCE.T(0.05,I41,I39) -> -72.528728 | J46: =J40-_xlfn.CONFIDENCE.T(0.05,J41,J39) -> 26.581259 | K46: =K40-_xlfn.CONFIDENCE.T(0.05,K41,K39) -> -62.46787 | L46: =L40-_xlfn.CONFIDENCE.T(0.05,L41,L39) -> 26.652883 | M46: =M40-_xlfn.CONFIDENCE.T(0.05,M41,M39) -> -32.680014 | N46: =N40-_xlfn.CONFIDENCE.T(0.05,N41,N39) -> 26.871535
H47: 95% KI - øvre | I47: =I40+_xlfn.CONFIDENCE.T(0.05,I41,I39) -> 437.64214 | J47: =J40+_xlfn.CONFIDENCE.T(0.05,J41,J39) -> 29.586993 | K47: =K40+_xlfn.CONFIDENCE.T(0.05,K41,K39) -> 437.14211 | L47: =L40+_xlfn.CONFIDENCE.T(0.05,L41,L39) -> 29.58342 | M47: =M40+_xlfn.CONFIDENCE.T(0.05,M41,M39) -> 437.14421 | N47: =N40+_xlfn.CONFIDENCE.T(0.05,N41,N39) -> 29.582696
E48: AA0003 | H48: n (antall) | I48: =COUNT('METCM (Meteomatics)'!J135,'METCM (Meteomatics)'!J144,'METCM (Meteomatics)'!J153,'METCM (Meteomatics)'!J162) -> 4 | J48: =COUNT('METCM (Meteomatics)'!K135,'METCM (Meteomatics)'!K144,'METCM (Meteomatics)'!K153,'METCM (Meteomatics)'!K162) -> 4 | K48: =COUNT('METCM (Meteomatics)'!J136,'METCM (Meteomatics)'!J145,'METCM (Meteomatics)'!J154,'METCM (Meteomatics)'!J163) -> 4 | L48: =COUNT('METCM (Meteomatics)'!K136,'METCM (Meteomatics)'!K145,'METCM (Meteomatics)'!K154,'METCM (Meteomatics)'!K163) -> 4 | M48: =COUNT('METCM (Meteomatics)'!J137,'METCM (Meteomatics)'!J146,'METCM (Meteomatics)'!J155,'METCM (Meteomatics)'!J164) -> 4 | N48: =COUNT('METCM (Meteomatics)'!K137,'METCM (Meteomatics)'!K146,'METCM (Meteomatics)'!K155,'METCM (Meteomatics)'!K164) -> 4
H49: Gjennomsnitt | I49: =AVERAGE('METCM (Meteomatics)'!J135,'METCM (Meteomatics)'!J144,'METCM (Meteomatics)'!J153,'METCM (Meteomatics)'!J162) -> 298.61462 | J49: =AVERAGE('METCM (Meteomatics)'!K135,'METCM (Meteomatics)'!K144,'METCM (Meteomatics)'!K153,'METCM (Meteomatics)'!K162) -> 36.72341 | K49: =AVERAGE('METCM (Meteomatics)'!J136,'METCM (Meteomatics)'!J145,'METCM (Meteomatics)'!J154,'METCM (Meteomatics)'!J163) -> 306.96372 | L49: =AVERAGE('METCM (Meteomatics)'!K136,'METCM (Meteomatics)'!K145,'METCM (Meteomatics)'!K154,'METCM (Meteomatics)'!K163) -> 36.780874 | M49: =AVERAGE('METCM (Meteomatics)'!J137,'METCM (Meteomatics)'!J146,'METCM (Meteomatics)'!J155,'METCM (Meteomatics)'!J164) -> 332.62032 | N49: =AVERAGE('METCM (Meteomatics)'!K137,'METCM (Meteomatics)'!K146,'METCM (Meteomatics)'!K155,'METCM (Meteomatics)'!K164) -> 36.966952
H50: Standardavvik (utvalg) | I50: =_xlfn.STDEV.S('METCM (Meteomatics)'!J135,'METCM (Meteomatics)'!J144,'METCM (Meteomatics)'!J153,'METCM (Meteomatics)'!J162) -> 288.41868 | J50: =_xlfn.STDEV.S('METCM (Meteomatics)'!K135,'METCM (Meteomatics)'!K144,'METCM (Meteomatics)'!K153,'METCM (Meteomatics)'!K162) -> 2.1163502 | K50: =_xlfn.STDEV.S('METCM (Meteomatics)'!J136,'METCM (Meteomatics)'!J145,'METCM (Meteomatics)'!J154,'METCM (Meteomatics)'!J163) -> 282.51408 | L50: =_xlfn.STDEV.S('METCM (Meteomatics)'!K136,'METCM (Meteomatics)'!K145,'METCM (Meteomatics)'!K154,'METCM (Meteomatics)'!K163) -> 2.0795087 | M50: =_xlfn.STDEV.S('METCM (Meteomatics)'!J137,'METCM (Meteomatics)'!J146,'METCM (Meteomatics)'!J155,'METCM (Meteomatics)'!J164) -> 266.15084 | N50: =_xlfn.STDEV.S('METCM (Meteomatics)'!K137,'METCM (Meteomatics)'!K146,'METCM (Meteomatics)'!K155,'METCM (Meteomatics)'!K164) -> 1.9717034
H51: Median | I51: =MEDIAN('METCM (Meteomatics)'!J135,'METCM (Meteomatics)'!J144,'METCM (Meteomatics)'!J153,'METCM (Meteomatics)'!J162) -> 198.39918 | J51: =MEDIAN('METCM (Meteomatics)'!K135,'METCM (Meteomatics)'!K144,'METCM (Meteomatics)'!K153,'METCM (Meteomatics)'!K162) -> 35.913049 | K51: =MEDIAN('METCM (Meteomatics)'!J136,'METCM (Meteomatics)'!J145,'METCM (Meteomatics)'!J154,'METCM (Meteomatics)'!J163) -> 206.8236 | L51: =MEDIAN('METCM (Meteomatics)'!K136,'METCM (Meteomatics)'!K145,'METCM (Meteomatics)'!K154,'METCM (Meteomatics)'!K163) -> 35.974881 | M51: =MEDIAN('METCM (Meteomatics)'!J137,'METCM (Meteomatics)'!J146,'METCM (Meteomatics)'!J155,'METCM (Meteomatics)'!J164) -> 233.91899 | N51: =MEDIAN('METCM (Meteomatics)'!K137,'METCM (Meteomatics)'!K146,'METCM (Meteomatics)'!K155,'METCM (Meteomatics)'!K164) -> 36.182451
H52: Q1 | I52: =_xlfn.QUARTILE.INC(('METCM (Meteomatics)'!J135,'METCM (Meteomatics)'!J144,'METCM (Meteomatics)'!J153,'METCM (Meteomatics)'!J162),1) -> 102.27429 | J52: =_xlfn.QUARTILE.INC(('METCM (Meteomatics)'!K135,'METCM (Meteomatics)'!K144,'METCM (Meteomatics)'!K153,'METCM (Meteomatics)'!K162),1) -> 35.381196 | K52: =_xlfn.QUARTILE.INC(('METCM (Meteomatics)'!J136,'METCM (Meteomatics)'!J145,'METCM (Meteomatics)'!J154,'METCM (Meteomatics)'!J163),1) -> 115.90549 | L52: =_xlfn.QUARTILE.INC(('METCM (Meteomatics)'!K136,'METCM (Meteomatics)'!K145,'METCM (Meteomatics)'!K154,'METCM (Meteomatics)'!K163),1) -> 35.479021 | M52: =_xlfn.QUARTILE.INC(('METCM (Meteomatics)'!J137,'METCM (Meteomatics)'!J146,'METCM (Meteomatics)'!J155,'METCM (Meteomatics)'!J164),1) -> 156.45132 | N52: =_xlfn.QUARTILE.INC(('METCM (Meteomatics)'!K137,'METCM (Meteomatics)'!K146,'METCM (Meteomatics)'!K155,'METCM (Meteomatics)'!K164),1) -> 35.788562
H53: Q3 | I53: =_xlfn.QUARTILE.INC(('METCM (Meteomatics)'!J135,'METCM (Meteomatics)'!J144,'METCM (Meteomatics)'!J153,'METCM (Meteomatics)'!J162),3) -> 394.73951 | J53: =_xlfn.QUARTILE.INC(('METCM (Meteomatics)'!K135,'METCM (Meteomatics)'!K144,'METCM (Meteomatics)'!K153,'METCM (Meteomatics)'!K162),3) -> 37.255264 | K53: =_xlfn.QUARTILE.INC(('METCM (Meteomatics)'!J136,'METCM (Meteomatics)'!J145,'METCM (Meteomatics)'!J154,'METCM (Meteomatics)'!J163),3) -> 397.88183 | L53: =_xlfn.QUARTILE.INC(('METCM (Meteomatics)'!K136,'METCM (Meteomatics)'!K145,'METCM (Meteomatics)'!K154,'METCM (Meteomatics)'!K163),3) -> 37.276734 | M53: =_xlfn.QUARTILE.INC(('METCM (Meteomatics)'!J137,'METCM (Meteomatics)'!J146,'METCM (Meteomatics)'!J155,'METCM (Meteomatics)'!J164),3) -> 410.08798 | N53: =_xlfn.QUARTILE.INC(('METCM (Meteomatics)'!K137,'METCM (Meteomatics)'!K146,'METCM (Meteomatics)'!K155,'METCM (Meteomatics)'!K164),3) -> 37.36084
H54: IQR | I54: =I53-I52 -> 292.46522 | J54: =J53-J52 -> 1.874068 | K54: =K53-K52 -> 281.97635 | L54: =L53-L52 -> 1.7977132 | M54: =M53-M52 -> 253.63665 | N54: =N53-N52 -> 1.572278
H55: 95% KI - nedre | I55: =I49-_xlfn.CONFIDENCE.T(0.05,I50,I48) -> -160.32386 | J55: =J49-_xlfn.CONFIDENCE.T(0.05,J50,J48) -> 33.355825 | K55: =K49-_xlfn.CONFIDENCE.T(0.05,K50,K48) -> -142.57922 | L55: =L49-_xlfn.CONFIDENCE.T(0.05,L50,L48) -> 33.471912 | M55: =M49-_xlfn.CONFIDENCE.T(0.05,M50,M48) -> -90.885061 | N55: =N49-_xlfn.CONFIDENCE.T(0.05,N50,N48) -> 33.829532
H56: 95% KI - øvre | I56: =I49+_xlfn.CONFIDENCE.T(0.05,I50,I48) -> 757.5531 | J56: =J49+_xlfn.CONFIDENCE.T(0.05,J50,J48) -> 40.090995 | K56: =K49+_xlfn.CONFIDENCE.T(0.05,K50,K48) -> 756.50666 | L56: =L49+_xlfn.CONFIDENCE.T(0.05,L50,L48) -> 40.089837 | M56: =M49+_xlfn.CONFIDENCE.T(0.05,M50,M48) -> 756.12569 | N56: =N49+_xlfn.CONFIDENCE.T(0.05,N50,N48) -> 40.104372
B57: Firing pos. Setermoen | C57: CM pos. Setermoen | D57: METCM | E57: AA0001 | F57: 10-30. APR 26 | G57: 3000 | H57: n (antall) | I57: =COUNT('METCM (Meteomatics)'!J3,'METCM (Meteomatics)'!J12,'METCM (Meteomatics)'!J21,'METCM (Meteomatics)'!J30,'METCM (Meteomatics)'!J39,'METCM (Meteomatics)'!J48,'METCM (Meteomatics)'!J57,'METCM (Meteomatics)'!J66,'METCM (Meteomatics)'!J75,'METCM (Meteomatics)'!J84,'METCM (Meteomatics)'!J93,'METCM (Meteomatics)'!J102,'METCM (Meteomatics)'!J111,'METCM (Meteomatics)'!J120) -> 14 | J57: =COUNT('METCM (Meteomatics)'!K3,'METCM (Meteomatics)'!K12,'METCM (Meteomatics)'!K21,'METCM (Meteomatics)'!K30,'METCM (Meteomatics)'!K39,'METCM (Meteomatics)'!K48,'METCM (Meteomatics)'!K57,'METCM (Meteomatics)'!K66,'METCM (Meteomatics)'!K75,'METCM (Meteomatics)'!K84,'METCM (Meteomatics)'!K93,'METCM (Meteomatics)'!K102,'METCM (Meteomatics)'!K111,'METCM (Meteomatics)'!K120) -> 14 | K57: =COUNT('METCM (Meteomatics)'!J4,'METCM (Meteomatics)'!J13,'METCM (Meteomatics)'!J22,'METCM (Meteomatics)'!J31,'METCM (Meteomatics)'!J40,'METCM (Meteomatics)'!J49,'METCM (Meteomatics)'!J58,'METCM (Meteomatics)'!J67,'METCM (Meteomatics)'!J76,'METCM (Meteomatics)'!J85,'METCM (Meteomatics)'!J94,'METCM (Meteomatics)'!J103,'METCM (Meteomatics)'!J112,'METCM (Meteomatics)'!J121) -> 14 | L57: =COUNT('METCM (Meteomatics)'!K4,'METCM (Meteomatics)'!K13,'METCM (Meteomatics)'!K22,'METCM (Meteomatics)'!K31,'METCM (Meteomatics)'!K40,'METCM (Meteomatics)'!K49,'METCM (Meteomatics)'!K58,'METCM (Meteomatics)'!K67,'METCM (Meteomatics)'!K76,'METCM (Meteomatics)'!K85,'METCM (Meteomatics)'!K94,'METCM (Meteomatics)'!K103,'METCM (Meteomatics)'!K112,'METCM (Meteomatics)'!K121) -> 14 | M57: =COUNT('METCM (Meteomatics)'!J5,'METCM (Meteomatics)'!J14,'METCM (Meteomatics)'!J23,'METCM (Meteomatics)'!J32,'METCM (Meteomatics)'!J41,'METCM (Meteomatics)'!J50,'METCM (Meteomatics)'!J59,'METCM (Meteomatics)'!J68,'METCM (Meteomatics)'!J77,'METCM (Meteomatics)'!J86,'METCM (Meteomatics)'!J95,'METCM (Meteomatics)'!J104,'METCM (Meteomatics)'!J113,'METCM (Meteomatics)'!J122) -> 14 | N57: =COUNT('METCM (Meteomatics)'!K5,'METCM (Meteomatics)'!K14,'METCM (Meteomatics)'!K23,'METCM (Meteomatics)'!K32,'METCM (Meteomatics)'!K41,'METCM (Meteomatics)'!K50,'METCM (Meteomatics)'!K59,'METCM (Meteomatics)'!K68,'METCM (Meteomatics)'!K77,'METCM (Meteomatics)'!K86,'METCM (Meteomatics)'!K95,'METCM (Meteomatics)'!K104,'METCM (Meteomatics)'!K113,'METCM (Meteomatics)'!K122) -> 14
H58: Gjennomsnitt | I58: =AVERAGE('METCM (Meteomatics)'!J3,'METCM (Meteomatics)'!J12,'METCM (Meteomatics)'!J21,'METCM (Meteomatics)'!J30,'METCM (Meteomatics)'!J39,'METCM (Meteomatics)'!J48,'METCM (Meteomatics)'!J57,'METCM (Meteomatics)'!J66,'METCM (Meteomatics)'!J75,'METCM (Meteomatics)'!J84,'METCM (Meteomatics)'!J93,'METCM (Meteomatics)'!J102,'METCM (Meteomatics)'!J111,'METCM (Meteomatics)'!J120) -> 67.676993 | J58: =AVERAGE('METCM (Meteomatics)'!K3,'METCM (Meteomatics)'!K12,'METCM (Meteomatics)'!K21,'METCM (Meteomatics)'!K30,'METCM (Meteomatics)'!K39,'METCM (Meteomatics)'!K48,'METCM (Meteomatics)'!K57,'METCM (Meteomatics)'!K66,'METCM (Meteomatics)'!K75,'METCM (Meteomatics)'!K84,'METCM (Meteomatics)'!K93,'METCM (Meteomatics)'!K102,'METCM (Meteomatics)'!K111,'METCM (Meteomatics)'!K120) -> 22.531339 | K58: =AVERAGE('METCM (Meteomatics)'!J4,'METCM (Meteomatics)'!J13,'METCM (Meteomatics)'!J22,'METCM (Meteomatics)'!J31,'METCM (Meteomatics)'!J40,'METCM (Meteomatics)'!J49,'METCM (Meteomatics)'!J58,'METCM (Meteomatics)'!J67,'METCM (Meteomatics)'!J76,'METCM (Meteomatics)'!J85,'METCM (Meteomatics)'!J94,'METCM (Meteomatics)'!J103,'METCM (Meteomatics)'!J112,'METCM (Meteomatics)'!J121) -> 67.945772 | L58: =AVERAGE('METCM (Meteomatics)'!K4,'METCM (Meteomatics)'!K13,'METCM (Meteomatics)'!K22,'METCM (Meteomatics)'!K31,'METCM (Meteomatics)'!K40,'METCM (Meteomatics)'!K49,'METCM (Meteomatics)'!K58,'METCM (Meteomatics)'!K67,'METCM (Meteomatics)'!K76,'METCM (Meteomatics)'!K85,'METCM (Meteomatics)'!K94,'METCM (Meteomatics)'!K103,'METCM (Meteomatics)'!K112,'METCM (Meteomatics)'!K121) -> 22.554331 | M58: =AVERAGE('METCM (Meteomatics)'!J5,'METCM (Meteomatics)'!J14,'METCM (Meteomatics)'!J23,'METCM (Meteomatics)'!J32,'METCM (Meteomatics)'!J41,'METCM (Meteomatics)'!J50,'METCM (Meteomatics)'!J59,'METCM (Meteomatics)'!J68,'METCM (Meteomatics)'!J77,'METCM (Meteomatics)'!J86,'METCM (Meteomatics)'!J95,'METCM (Meteomatics)'!J104,'METCM (Meteomatics)'!J113,'METCM (Meteomatics)'!J122) -> 69.003675 | N58: =AVERAGE('METCM (Meteomatics)'!K5,'METCM (Meteomatics)'!K14,'METCM (Meteomatics)'!K23,'METCM (Meteomatics)'!K32,'METCM (Meteomatics)'!K41,'METCM (Meteomatics)'!K50,'METCM (Meteomatics)'!K59,'METCM (Meteomatics)'!K68,'METCM (Meteomatics)'!K77,'METCM (Meteomatics)'!K86,'METCM (Meteomatics)'!K95,'METCM (Meteomatics)'!K104,'METCM (Meteomatics)'!K113,'METCM (Meteomatics)'!K122) -> 22.644267
H59: Standardavvik (utvalg) | I59: =_xlfn.STDEV.S('METCM (Meteomatics)'!J3,'METCM (Meteomatics)'!J12,'METCM (Meteomatics)'!J21,'METCM (Meteomatics)'!J30,'METCM (Meteomatics)'!J39,'METCM (Meteomatics)'!J48,'METCM (Meteomatics)'!J57,'METCM (Meteomatics)'!J66,'METCM (Meteomatics)'!J75,'METCM (Meteomatics)'!J84,'METCM (Meteomatics)'!J93,'METCM (Meteomatics)'!J102,'METCM (Meteomatics)'!J111,'METCM (Meteomatics)'!J120) -> 10.284858 | J59: =_xlfn.STDEV.S('METCM (Meteomatics)'!K3,'METCM (Meteomatics)'!K12,'METCM (Meteomatics)'!K21,'METCM (Meteomatics)'!K30,'METCM (Meteomatics)'!K39,'METCM (Meteomatics)'!K48,'METCM (Meteomatics)'!K57,'METCM (Meteomatics)'!K66,'METCM (Meteomatics)'!K75,'METCM (Meteomatics)'!K84,'METCM (Meteomatics)'!K93,'METCM (Meteomatics)'!K102,'METCM (Meteomatics)'!K111,'METCM (Meteomatics)'!K120) -> 1.7949936 | K59: =_xlfn.STDEV.S('METCM (Meteomatics)'!J4,'METCM (Meteomatics)'!J13,'METCM (Meteomatics)'!J22,'METCM (Meteomatics)'!J31,'METCM (Meteomatics)'!J40,'METCM (Meteomatics)'!J49,'METCM (Meteomatics)'!J58,'METCM (Meteomatics)'!J67,'METCM (Meteomatics)'!J76,'METCM (Meteomatics)'!J85,'METCM (Meteomatics)'!J94,'METCM (Meteomatics)'!J103,'METCM (Meteomatics)'!J112,'METCM (Meteomatics)'!J121) -> 10.279058 | L59: =_xlfn.STDEV.S('METCM (Meteomatics)'!K4,'METCM (Meteomatics)'!K13,'METCM (Meteomatics)'!K22,'METCM (Meteomatics)'!K31,'METCM (Meteomatics)'!K40,'METCM (Meteomatics)'!K49,'METCM (Meteomatics)'!K58,'METCM (Meteomatics)'!K67,'METCM (Meteomatics)'!K76,'METCM (Meteomatics)'!K85,'METCM (Meteomatics)'!K94,'METCM (Meteomatics)'!K103,'METCM (Meteomatics)'!K112,'METCM (Meteomatics)'!K121) -> 1.8177208 | M59: =_xlfn.STDEV.S('METCM (Meteomatics)'!J5,'METCM (Meteomatics)'!J14,'METCM (Meteomatics)'!J23,'METCM (Meteomatics)'!J32,'METCM (Meteomatics)'!J41,'METCM (Meteomatics)'!J50,'METCM (Meteomatics)'!J59,'METCM (Meteomatics)'!J68,'METCM (Meteomatics)'!J77,'METCM (Meteomatics)'!J86,'METCM (Meteomatics)'!J95,'METCM (Meteomatics)'!J104,'METCM (Meteomatics)'!J113,'METCM (Meteomatics)'!J122) -> 10.26178 | N59: =_xlfn.STDEV.S('METCM (Meteomatics)'!K5,'METCM (Meteomatics)'!K14,'METCM (Meteomatics)'!K23,'METCM (Meteomatics)'!K32,'METCM (Meteomatics)'!K41,'METCM (Meteomatics)'!K50,'METCM (Meteomatics)'!K59,'METCM (Meteomatics)'!K68,'METCM (Meteomatics)'!K77,'METCM (Meteomatics)'!K86,'METCM (Meteomatics)'!K95,'METCM (Meteomatics)'!K104,'METCM (Meteomatics)'!K113,'METCM (Meteomatics)'!K122) -> 1.9066488
H60: Median | I60: =MEDIAN('METCM (Meteomatics)'!J3,'METCM (Meteomatics)'!J12,'METCM (Meteomatics)'!J21,'METCM (Meteomatics)'!J30,'METCM (Meteomatics)'!J39,'METCM (Meteomatics)'!J48,'METCM (Meteomatics)'!J57,'METCM (Meteomatics)'!J66,'METCM (Meteomatics)'!J75,'METCM (Meteomatics)'!J84,'METCM (Meteomatics)'!J93,'METCM (Meteomatics)'!J102,'METCM (Meteomatics)'!J111,'METCM (Meteomatics)'!J120) -> 63.436189 | J60: =MEDIAN('METCM (Meteomatics)'!K3,'METCM (Meteomatics)'!K12,'METCM (Meteomatics)'!K21,'METCM (Meteomatics)'!K30,'METCM (Meteomatics)'!K39,'METCM (Meteomatics)'!K48,'METCM (Meteomatics)'!K57,'METCM (Meteomatics)'!K66,'METCM (Meteomatics)'!K75,'METCM (Meteomatics)'!K84,'METCM (Meteomatics)'!K93,'METCM (Meteomatics)'!K102,'METCM (Meteomatics)'!K111,'METCM (Meteomatics)'!K120) -> 21.845205 | K60: =MEDIAN('METCM (Meteomatics)'!J4,'METCM (Meteomatics)'!J13,'METCM (Meteomatics)'!J22,'METCM (Meteomatics)'!J31,'METCM (Meteomatics)'!J40,'METCM (Meteomatics)'!J49,'METCM (Meteomatics)'!J58,'METCM (Meteomatics)'!J67,'METCM (Meteomatics)'!J76,'METCM (Meteomatics)'!J85,'METCM (Meteomatics)'!J94,'METCM (Meteomatics)'!J103,'METCM (Meteomatics)'!J112,'METCM (Meteomatics)'!J121) -> 63.719559 | L60: =MEDIAN('METCM (Meteomatics)'!K4,'METCM (Meteomatics)'!K13,'METCM (Meteomatics)'!K22,'METCM (Meteomatics)'!K31,'METCM (Meteomatics)'!K40,'METCM (Meteomatics)'!K49,'METCM (Meteomatics)'!K58,'METCM (Meteomatics)'!K67,'METCM (Meteomatics)'!K76,'METCM (Meteomatics)'!K85,'METCM (Meteomatics)'!K94,'METCM (Meteomatics)'!K103,'METCM (Meteomatics)'!K112,'METCM (Meteomatics)'!K121) -> 21.860971 | M60: =MEDIAN('METCM (Meteomatics)'!J5,'METCM (Meteomatics)'!J14,'METCM (Meteomatics)'!J23,'METCM (Meteomatics)'!J32,'METCM (Meteomatics)'!J41,'METCM (Meteomatics)'!J50,'METCM (Meteomatics)'!J59,'METCM (Meteomatics)'!J68,'METCM (Meteomatics)'!J77,'METCM (Meteomatics)'!J86,'METCM (Meteomatics)'!J95,'METCM (Meteomatics)'!J104,'METCM (Meteomatics)'!J113,'METCM (Meteomatics)'!J122) -> 64.834141 | N60: =MEDIAN('METCM (Meteomatics)'!K5,'METCM (Meteomatics)'!K14,'METCM (Meteomatics)'!K23,'METCM (Meteomatics)'!K32,'METCM (Meteomatics)'!K41,'METCM (Meteomatics)'!K50,'METCM (Meteomatics)'!K59,'METCM (Meteomatics)'!K68,'METCM (Meteomatics)'!K77,'METCM (Meteomatics)'!K86,'METCM (Meteomatics)'!K95,'METCM (Meteomatics)'!K104,'METCM (Meteomatics)'!K113,'METCM (Meteomatics)'!K122) -> 21.922846
H61: Q1 | I61: =_xlfn.QUARTILE.INC(('METCM (Meteomatics)'!J3,'METCM (Meteomatics)'!J12,'METCM (Meteomatics)'!J21,'METCM (Meteomatics)'!J30,'METCM (Meteomatics)'!J39,'METCM (Meteomatics)'!J48,'METCM (Meteomatics)'!J57,'METCM (Meteomatics)'!J66,'METCM (Meteomatics)'!J75,'METCM (Meteomatics)'!J84,'METCM (Meteomatics)'!J93,'METCM (Meteomatics)'!J102,'METCM (Meteomatics)'!J111,'METCM (Meteomatics)'!J120),1) -> 59.839774 | J61: =_xlfn.QUARTILE.INC(('METCM (Meteomatics)'!K3,'METCM (Meteomatics)'!K12,'METCM (Meteomatics)'!K21,'METCM (Meteomatics)'!K30,'METCM (Meteomatics)'!K39,'METCM (Meteomatics)'!K48,'METCM (Meteomatics)'!K57,'METCM (Meteomatics)'!K66,'METCM (Meteomatics)'!K75,'METCM (Meteomatics)'!K84,'METCM (Meteomatics)'!K93,'METCM (Meteomatics)'!K102,'METCM (Meteomatics)'!K111,'METCM (Meteomatics)'!K120),1) -> 21.469353 | K61: =_xlfn.QUARTILE.INC(('METCM (Meteomatics)'!J4,'METCM (Meteomatics)'!J13,'METCM (Meteomatics)'!J22,'METCM (Meteomatics)'!J31,'METCM (Meteomatics)'!J40,'METCM (Meteomatics)'!J49,'METCM (Meteomatics)'!J58,'METCM (Meteomatics)'!J67,'METCM (Meteomatics)'!J76,'METCM (Meteomatics)'!J85,'METCM (Meteomatics)'!J94,'METCM (Meteomatics)'!J103,'METCM (Meteomatics)'!J112,'METCM (Meteomatics)'!J121),1) -> 60.092149 | L61: =_xlfn.QUARTILE.INC(('METCM (Meteomatics)'!K4,'METCM (Meteomatics)'!K13,'METCM (Meteomatics)'!K22,'METCM (Meteomatics)'!K31,'METCM (Meteomatics)'!K40,'METCM (Meteomatics)'!K49,'METCM (Meteomatics)'!K58,'METCM (Meteomatics)'!K67,'METCM (Meteomatics)'!K76,'METCM (Meteomatics)'!K85,'METCM (Meteomatics)'!K94,'METCM (Meteomatics)'!K103,'METCM (Meteomatics)'!K112,'METCM (Meteomatics)'!K121),1) -> 21.482903 | M61: =_xlfn.QUARTILE.INC(('METCM (Meteomatics)'!J5,'METCM (Meteomatics)'!J14,'METCM (Meteomatics)'!J23,'METCM (Meteomatics)'!J32,'METCM (Meteomatics)'!J41,'METCM (Meteomatics)'!J50,'METCM (Meteomatics)'!J59,'METCM (Meteomatics)'!J68,'METCM (Meteomatics)'!J77,'METCM (Meteomatics)'!J86,'METCM (Meteomatics)'!J95,'METCM (Meteomatics)'!J104,'METCM (Meteomatics)'!J113,'METCM (Meteomatics)'!J122),1) -> 61.087969 | N61: =_xlfn.QUARTILE.INC(('METCM (Meteomatics)'!K5,'METCM (Meteomatics)'!K14,'METCM (Meteomatics)'!K23,'METCM (Meteomatics)'!K32,'METCM (Meteomatics)'!K41,'METCM (Meteomatics)'!K50,'METCM (Meteomatics)'!K59,'METCM (Meteomatics)'!K68,'METCM (Meteomatics)'!K77,'METCM (Meteomatics)'!K86,'METCM (Meteomatics)'!K95,'METCM (Meteomatics)'!K104,'METCM (Meteomatics)'!K113,'METCM (Meteomatics)'!K122),1) -> 21.535864
H62: Q3 | I62: =_xlfn.QUARTILE.INC(('METCM (Meteomatics)'!J3,'METCM (Meteomatics)'!J12,'METCM (Meteomatics)'!J21,'METCM (Meteomatics)'!J30,'METCM (Meteomatics)'!J39,'METCM (Meteomatics)'!J48,'METCM (Meteomatics)'!J57,'METCM (Meteomatics)'!J66,'METCM (Meteomatics)'!J75,'METCM (Meteomatics)'!J84,'METCM (Meteomatics)'!J93,'METCM (Meteomatics)'!J102,'METCM (Meteomatics)'!J111,'METCM (Meteomatics)'!J120),3) -> 73.863378 | J62: =_xlfn.QUARTILE.INC(('METCM (Meteomatics)'!K3,'METCM (Meteomatics)'!K12,'METCM (Meteomatics)'!K21,'METCM (Meteomatics)'!K30,'METCM (Meteomatics)'!K39,'METCM (Meteomatics)'!K48,'METCM (Meteomatics)'!K57,'METCM (Meteomatics)'!K66,'METCM (Meteomatics)'!K75,'METCM (Meteomatics)'!K84,'METCM (Meteomatics)'!K93,'METCM (Meteomatics)'!K102,'METCM (Meteomatics)'!K111,'METCM (Meteomatics)'!K120),3) -> 23.41063 | K62: =_xlfn.QUARTILE.INC(('METCM (Meteomatics)'!J4,'METCM (Meteomatics)'!J13,'METCM (Meteomatics)'!J22,'METCM (Meteomatics)'!J31,'METCM (Meteomatics)'!J40,'METCM (Meteomatics)'!J49,'METCM (Meteomatics)'!J58,'METCM (Meteomatics)'!J67,'METCM (Meteomatics)'!J76,'METCM (Meteomatics)'!J85,'METCM (Meteomatics)'!J94,'METCM (Meteomatics)'!J103,'METCM (Meteomatics)'!J112,'METCM (Meteomatics)'!J121),3) -> 74.073917 | L62: =_xlfn.QUARTILE.INC(('METCM (Meteomatics)'!K4,'METCM (Meteomatics)'!K13,'METCM (Meteomatics)'!K22,'METCM (Meteomatics)'!K31,'METCM (Meteomatics)'!K40,'METCM (Meteomatics)'!K49,'METCM (Meteomatics)'!K58,'METCM (Meteomatics)'!K67,'METCM (Meteomatics)'!K76,'METCM (Meteomatics)'!K85,'METCM (Meteomatics)'!K94,'METCM (Meteomatics)'!K103,'METCM (Meteomatics)'!K112,'METCM (Meteomatics)'!K121),3) -> 23.450171 | M62: =_xlfn.QUARTILE.INC(('METCM (Meteomatics)'!J5,'METCM (Meteomatics)'!J14,'METCM (Meteomatics)'!J23,'METCM (Meteomatics)'!J32,'METCM (Meteomatics)'!J41,'METCM (Meteomatics)'!J50,'METCM (Meteomatics)'!J59,'METCM (Meteomatics)'!J68,'METCM (Meteomatics)'!J77,'METCM (Meteomatics)'!J86,'METCM (Meteomatics)'!J95,'METCM (Meteomatics)'!J104,'METCM (Meteomatics)'!J113,'METCM (Meteomatics)'!J122),3) -> 74.906359 | N62: =_xlfn.QUARTILE.INC(('METCM (Meteomatics)'!K5,'METCM (Meteomatics)'!K14,'METCM (Meteomatics)'!K23,'METCM (Meteomatics)'!K32,'METCM (Meteomatics)'!K41,'METCM (Meteomatics)'!K50,'METCM (Meteomatics)'!K59,'METCM (Meteomatics)'!K68,'METCM (Meteomatics)'!K77,'METCM (Meteomatics)'!K86,'METCM (Meteomatics)'!K95,'METCM (Meteomatics)'!K104,'METCM (Meteomatics)'!K113,'METCM (Meteomatics)'!K122),3) -> 23.604777
G63: 3000 | H63: IQR | I63: =I62-I61 -> 14.023604 | J63: =J62-J61 -> 1.9412775 | K63: =K62-K61 -> 13.981768 | L63: =L62-L61 -> 1.9672687 | M63: =M62-M61 -> 13.81839 | N63: =N62-N61 -> 2.0689135
H64: 95% KI - nedre | I64: =I58-_xlfn.CONFIDENCE.T(0.05,I59,I57) -> 61.738693 | J64: =J58-_xlfn.CONFIDENCE.T(0.05,J59,J57) -> 21.494941 | K64: =K58-_xlfn.CONFIDENCE.T(0.05,K59,K57) -> 62.01082 | L64: =L58-_xlfn.CONFIDENCE.T(0.05,L59,L57) -> 21.50481 | M64: =M58-_xlfn.CONFIDENCE.T(0.05,M59,M57) -> 63.078699 | N64: =N58-_xlfn.CONFIDENCE.T(0.05,N59,N57) -> 21.543401
H65: 95% KI - øvre | I65: =I58+_xlfn.CONFIDENCE.T(0.05,I59,I57) -> 73.615293 | J65: =J58+_xlfn.CONFIDENCE.T(0.05,J59,J57) -> 23.567738 | K65: =K58+_xlfn.CONFIDENCE.T(0.05,K59,K57) -> 73.880723 | L65: =L58+_xlfn.CONFIDENCE.T(0.05,L59,L57) -> 23.603851 | M65: =M58+_xlfn.CONFIDENCE.T(0.05,M59,M57) -> 74.92865 | N65: =N58+_xlfn.CONFIDENCE.T(0.05,N59,N57) -> 23.745134
E66: AA0002 | H66: n (antall) | I66: =COUNT('METCM (Meteomatics)'!J6,'METCM (Meteomatics)'!J15,'METCM (Meteomatics)'!J24,'METCM (Meteomatics)'!J33,'METCM (Meteomatics)'!J42,'METCM (Meteomatics)'!J51,'METCM (Meteomatics)'!J60,'METCM (Meteomatics)'!J69,'METCM (Meteomatics)'!J78,'METCM (Meteomatics)'!J87,'METCM (Meteomatics)'!J96,'METCM (Meteomatics)'!J105,'METCM (Meteomatics)'!J114,'METCM (Meteomatics)'!J123) -> 14 | J66: =COUNT('METCM (Meteomatics)'!K6,'METCM (Meteomatics)'!K15,'METCM (Meteomatics)'!K24,'METCM (Meteomatics)'!K33,'METCM (Meteomatics)'!K42,'METCM (Meteomatics)'!K51,'METCM (Meteomatics)'!K60,'METCM (Meteomatics)'!K69,'METCM (Meteomatics)'!K78,'METCM (Meteomatics)'!K87,'METCM (Meteomatics)'!K96,'METCM (Meteomatics)'!K105,'METCM (Meteomatics)'!K114,'METCM (Meteomatics)'!K123) -> 14 | K66: =COUNT('METCM (Meteomatics)'!J7,'METCM (Meteomatics)'!J16,'METCM (Meteomatics)'!J25,'METCM (Meteomatics)'!J34,'METCM (Meteomatics)'!J43,'METCM (Meteomatics)'!J52,'METCM (Meteomatics)'!J61,'METCM (Meteomatics)'!J70,'METCM (Meteomatics)'!J79,'METCM (Meteomatics)'!J88,'METCM (Meteomatics)'!J97,'METCM (Meteomatics)'!J106,'METCM (Meteomatics)'!J115,'METCM (Meteomatics)'!J124) -> 14 | L66: =COUNT('METCM (Meteomatics)'!K7,'METCM (Meteomatics)'!K16,'METCM (Meteomatics)'!K25,'METCM (Meteomatics)'!K34,'METCM (Meteomatics)'!K43,'METCM (Meteomatics)'!K52,'METCM (Meteomatics)'!K61,'METCM (Meteomatics)'!K70,'METCM (Meteomatics)'!K79,'METCM (Meteomatics)'!K88,'METCM (Meteomatics)'!K97,'METCM (Meteomatics)'!K106,'METCM (Meteomatics)'!K115,'METCM (Meteomatics)'!K124) -> 14 | M66: =COUNT('METCM (Meteomatics)'!J8,'METCM (Meteomatics)'!J17,'METCM (Meteomatics)'!J26,'METCM (Meteomatics)'!J35,'METCM (Meteomatics)'!J44,'METCM (Meteomatics)'!J53,'METCM (Meteomatics)'!J62,'METCM (Meteomatics)'!J71,'METCM (Meteomatics)'!J80,'METCM (Meteomatics)'!J89,'METCM (Meteomatics)'!J98,'METCM (Meteomatics)'!J107,'METCM (Meteomatics)'!J116,'METCM (Meteomatics)'!J125) -> 14 | N66: =COUNT('METCM (Meteomatics)'!K8,'METCM (Meteomatics)'!K17,'METCM (Meteomatics)'!K26,'METCM (Meteomatics)'!K35,'METCM (Meteomatics)'!K44,'METCM (Meteomatics)'!K53,'METCM (Meteomatics)'!K62,'METCM (Meteomatics)'!K71,'METCM (Meteomatics)'!K80,'METCM (Meteomatics)'!K89,'METCM (Meteomatics)'!K98,'METCM (Meteomatics)'!K107,'METCM (Meteomatics)'!K116,'METCM (Meteomatics)'!K125) -> 14
H67: Gjennomsnitt | I67: =AVERAGE('METCM (Meteomatics)'!J6,'METCM (Meteomatics)'!J15,'METCM (Meteomatics)'!J24,'METCM (Meteomatics)'!J33,'METCM (Meteomatics)'!J42,'METCM (Meteomatics)'!J51,'METCM (Meteomatics)'!J60,'METCM (Meteomatics)'!J69,'METCM (Meteomatics)'!J78,'METCM (Meteomatics)'!J87,'METCM (Meteomatics)'!J96,'METCM (Meteomatics)'!J105,'METCM (Meteomatics)'!J114,'METCM (Meteomatics)'!J123) -> 203.8018 | J67: =AVERAGE('METCM (Meteomatics)'!K6,'METCM (Meteomatics)'!K15,'METCM (Meteomatics)'!K24,'METCM (Meteomatics)'!K33,'METCM (Meteomatics)'!K42,'METCM (Meteomatics)'!K51,'METCM (Meteomatics)'!K60,'METCM (Meteomatics)'!K69,'METCM (Meteomatics)'!K78,'METCM (Meteomatics)'!K87,'METCM (Meteomatics)'!K96,'METCM (Meteomatics)'!K105,'METCM (Meteomatics)'!K114,'METCM (Meteomatics)'!K123) -> 38.665854 | K67: =AVERAGE('METCM (Meteomatics)'!J7,'METCM (Meteomatics)'!J16,'METCM (Meteomatics)'!J25,'METCM (Meteomatics)'!J34,'METCM (Meteomatics)'!J43,'METCM (Meteomatics)'!J52,'METCM (Meteomatics)'!J61,'METCM (Meteomatics)'!J70,'METCM (Meteomatics)'!J79,'METCM (Meteomatics)'!J88,'METCM (Meteomatics)'!J97,'METCM (Meteomatics)'!J106,'METCM (Meteomatics)'!J115,'METCM (Meteomatics)'!J124) -> 196.20519 | L67: =AVERAGE('METCM (Meteomatics)'!K7,'METCM (Meteomatics)'!K16,'METCM (Meteomatics)'!K25,'METCM (Meteomatics)'!K34,'METCM (Meteomatics)'!K43,'METCM (Meteomatics)'!K52,'METCM (Meteomatics)'!K61,'METCM (Meteomatics)'!K70,'METCM (Meteomatics)'!K79,'METCM (Meteomatics)'!K88,'METCM (Meteomatics)'!K97,'METCM (Meteomatics)'!K106,'METCM (Meteomatics)'!K115,'METCM (Meteomatics)'!K124) -> 38.435608 | M67: =AVERAGE('METCM (Meteomatics)'!J8,'METCM (Meteomatics)'!J17,'METCM (Meteomatics)'!J26,'METCM (Meteomatics)'!J35,'METCM (Meteomatics)'!J44,'METCM (Meteomatics)'!J53,'METCM (Meteomatics)'!J62,'METCM (Meteomatics)'!J71,'METCM (Meteomatics)'!J80,'METCM (Meteomatics)'!J89,'METCM (Meteomatics)'!J98,'METCM (Meteomatics)'!J107,'METCM (Meteomatics)'!J116,'METCM (Meteomatics)'!J125) -> 204.66875 | N67: =AVERAGE('METCM (Meteomatics)'!K8,'METCM (Meteomatics)'!K17,'METCM (Meteomatics)'!K26,'METCM (Meteomatics)'!K35,'METCM (Meteomatics)'!K44,'METCM (Meteomatics)'!K53,'METCM (Meteomatics)'!K62,'METCM (Meteomatics)'!K71,'METCM (Meteomatics)'!K80,'METCM (Meteomatics)'!K89,'METCM (Meteomatics)'!K98,'METCM (Meteomatics)'!K107,'METCM (Meteomatics)'!K116,'METCM (Meteomatics)'!K125) -> 39.005838
H68: Standardavvik (utvalg) | I68: =_xlfn.STDEV.S('METCM (Meteomatics)'!J6,'METCM (Meteomatics)'!J15,'METCM (Meteomatics)'!J24,'METCM (Meteomatics)'!J33,'METCM (Meteomatics)'!J42,'METCM (Meteomatics)'!J51,'METCM (Meteomatics)'!J60,'METCM (Meteomatics)'!J69,'METCM (Meteomatics)'!J78,'METCM (Meteomatics)'!J87,'METCM (Meteomatics)'!J96,'METCM (Meteomatics)'!J105,'METCM (Meteomatics)'!J114,'METCM (Meteomatics)'!J123) -> 76.04823 | J68: =_xlfn.STDEV.S('METCM (Meteomatics)'!K6,'METCM (Meteomatics)'!K15,'METCM (Meteomatics)'!K24,'METCM (Meteomatics)'!K33,'METCM (Meteomatics)'!K42,'METCM (Meteomatics)'!K51,'METCM (Meteomatics)'!K60,'METCM (Meteomatics)'!K69,'METCM (Meteomatics)'!K78,'METCM (Meteomatics)'!K87,'METCM (Meteomatics)'!K96,'METCM (Meteomatics)'!K105,'METCM (Meteomatics)'!K114,'METCM (Meteomatics)'!K123) -> 9.0434648 | K68: =_xlfn.STDEV.S('METCM (Meteomatics)'!J7,'METCM (Meteomatics)'!J16,'METCM (Meteomatics)'!J25,'METCM (Meteomatics)'!J34,'METCM (Meteomatics)'!J43,'METCM (Meteomatics)'!J52,'METCM (Meteomatics)'!J61,'METCM (Meteomatics)'!J70,'METCM (Meteomatics)'!J79,'METCM (Meteomatics)'!J88,'METCM (Meteomatics)'!J97,'METCM (Meteomatics)'!J106,'METCM (Meteomatics)'!J115,'METCM (Meteomatics)'!J124) -> 85.668969 | L68: =_xlfn.STDEV.S('METCM (Meteomatics)'!K7,'METCM (Meteomatics)'!K16,'METCM (Meteomatics)'!K25,'METCM (Meteomatics)'!K34,'METCM (Meteomatics)'!K43,'METCM (Meteomatics)'!K52,'METCM (Meteomatics)'!K61,'METCM (Meteomatics)'!K70,'METCM (Meteomatics)'!K79,'METCM (Meteomatics)'!K88,'METCM (Meteomatics)'!K97,'METCM (Meteomatics)'!K106,'METCM (Meteomatics)'!K115,'METCM (Meteomatics)'!K124) -> 9.4958094 | M68: =_xlfn.STDEV.S('METCM (Meteomatics)'!J8,'METCM (Meteomatics)'!J17,'METCM (Meteomatics)'!J26,'METCM (Meteomatics)'!J35,'METCM (Meteomatics)'!J44,'METCM (Meteomatics)'!J53,'METCM (Meteomatics)'!J62,'METCM (Meteomatics)'!J71,'METCM (Meteomatics)'!J80,'METCM (Meteomatics)'!J89,'METCM (Meteomatics)'!J98,'METCM (Meteomatics)'!J107,'METCM (Meteomatics)'!J116,'METCM (Meteomatics)'!J125) -> 81.354313 | N68: =_xlfn.STDEV.S('METCM (Meteomatics)'!K8,'METCM (Meteomatics)'!K17,'METCM (Meteomatics)'!K26,'METCM (Meteomatics)'!K35,'METCM (Meteomatics)'!K44,'METCM (Meteomatics)'!K53,'METCM (Meteomatics)'!K62,'METCM (Meteomatics)'!K71,'METCM (Meteomatics)'!K80,'METCM (Meteomatics)'!K89,'METCM (Meteomatics)'!K98,'METCM (Meteomatics)'!K107,'METCM (Meteomatics)'!K116,'METCM (Meteomatics)'!K125) -> 9.7698294
